:START_ID(Customer),:END_ID(Customer),terminal_id,:TYPE
0,34,T29,SHARES_TERMINAL
0,134,T29,SHARES_TERMINAL
0,154,T29,SHARES_TERMINAL
0,341,T87,SHARES_TERMINAL
0,476,T29,SHARES_TERMINAL
0,476,T87,SHARES_TERMINAL
0,479,T29,SHARES_TERMINAL
0,657,T29,SHARES_TERMINAL
0,657,T87,SHARES_TERMINAL
0,764,T29,SHARES_TERMINAL
0,764,T87,SHARES_TERMINAL
0,959,T29,SHARES_TERMINAL
0,959,T87,SHARES_TERMINAL
1,337,T5,SHARES_TERMINAL
1,399,T5,SHARES_TERMINAL
1,562,T5,SHARES_TERMINAL
1,789,T5,SHARES_TERMINAL
3,22,T65,SHARES_TERMINAL
3,52,T94,SHARES_TERMINAL
3,87,T65,SHARES_TERMINAL
3,141,T94,SHARES_TERMINAL
3,216,T65,SHARES_TERMINAL
3,249,T94,SHARES_TERMINAL
3,349,T65,SHARES_TERMINAL
3,357,T94,SHARES_TERMINAL
3,485,T65,SHARES_TERMINAL
3,487,T94,SHARES_TERMINAL
3,601,T65,SHARES_TERMINAL
3,754,T94,SHARES_TERMINAL
3,798,T65,SHARES_TERMINAL
3,836,T94,SHARES_TERMINAL
3,855,T94,SHARES_TERMINAL
3,915,T94,SHARES_TERMINAL
5,41,T79,SHARES_TERMINAL
5,156,T79,SHARES_TERMINAL
5,297,T79,SHARES_TERMINAL
5,701,T79,SHARES_TERMINAL
5,834,T79,SHARES_TERMINAL
5,911,T79,SHARES_TERMINAL
5,922,T79,SHARES_TERMINAL
5,985,T79,SHARES_TERMINAL
8,31,T8,SHARES_TERMINAL
8,31,T46,SHARES_TERMINAL
8,79,T8,SHARES_TERMINAL
8,79,T46,SHARES_TERMINAL
8,138,T8,SHARES_TERMINAL
8,158,T8,SHARES_TERMINAL
8,179,T8,SHARES_TERMINAL
8,223,T8,SHARES_TERMINAL
8,223,T46,SHARES_TERMINAL
8,293,T46,SHARES_TERMINAL
8,378,T8,SHARES_TERMINAL
8,488,T46,SHARES_TERMINAL
8,591,T46,SHARES_TERMINAL
8,615,T8,SHARES_TERMINAL
8,615,T46,SHARES_TERMINAL
8,621,T8,SHARES_TERMINAL
8,621,T46,SHARES_TERMINAL
8,792,T8,SHARES_TERMINAL
9,677,T84,SHARES_TERMINAL
9,679,T84,SHARES_TERMINAL
9,844,T84,SHARES_TERMINAL
9,885,T84,SHARES_TERMINAL
11,633,T44,SHARES_TERMINAL
11,894,T44,SHARES_TERMINAL
11,926,T44,SHARES_TERMINAL
11,927,T44,SHARES_TERMINAL
14,25,T88,SHARES_TERMINAL
14,28,T88,SHARES_TERMINAL
14,32,T88,SHARES_TERMINAL
14,53,T88,SHARES_TERMINAL
14,133,T88,SHARES_TERMINAL
14,146,T88,SHARES_TERMINAL
14,299,T88,SHARES_TERMINAL
14,419,T90,SHARES_TERMINAL
14,486,T90,SHARES_TERMINAL
14,708,T90,SHARES_TERMINAL
14,720,T88,SHARES_TERMINAL
14,793,T90,SHARES_TERMINAL
14,826,T90,SHARES_TERMINAL
14,873,T90,SHARES_TERMINAL
14,888,T88,SHARES_TERMINAL
14,898,T90,SHARES_TERMINAL
14,946,T88,SHARES_TERMINAL
14,947,T90,SHARES_TERMINAL
15,159,T2,SHARES_TERMINAL
15,227,T2,SHARES_TERMINAL
15,227,T55,SHARES_TERMINAL
15,304,T55,SHARES_TERMINAL
15,354,T55,SHARES_TERMINAL
15,374,T55,SHARES_TERMINAL
15,678,T2,SHARES_TERMINAL
15,686,T55,SHARES_TERMINAL
15,856,T2,SHARES_TERMINAL
15,856,T55,SHARES_TERMINAL
15,886,T2,SHARES_TERMINAL
15,886,T55,SHARES_TERMINAL
15,982,T2,SHARES_TERMINAL
16,111,T3,SHARES_TERMINAL
16,129,T3,SHARES_TERMINAL
16,143,T3,SHARES_TERMINAL
16,150,T3,SHARES_TERMINAL
16,296,T3,SHARES_TERMINAL
16,405,T3,SHARES_TERMINAL
16,466,T3,SHARES_TERMINAL
16,596,T3,SHARES_TERMINAL
18,46,T34,SHARES_TERMINAL
18,122,T34,SHARES_TERMINAL
18,377,T34,SHARES_TERMINAL
18,396,T34,SHARES_TERMINAL
18,552,T34,SHARES_TERMINAL
18,799,T34,SHARES_TERMINAL
18,809,T34,SHARES_TERMINAL
18,889,T34,SHARES_TERMINAL
18,937,T34,SHARES_TERMINAL
18,990,T34,SHARES_TERMINAL
19,80,T24,SHARES_TERMINAL
19,89,T24,SHARES_TERMINAL
19,113,T24,SHARES_TERMINAL
19,234,T24,SHARES_TERMINAL
19,310,T24,SHARES_TERMINAL
19,361,T24,SHARES_TERMINAL
19,619,T24,SHARES_TERMINAL
19,649,T24,SHARES_TERMINAL
19,825,T24,SHARES_TERMINAL
19,974,T24,SHARES_TERMINAL
19,989,T24,SHARES_TERMINAL
22,87,T65,SHARES_TERMINAL
22,87,T99,SHARES_TERMINAL
22,216,T65,SHARES_TERMINAL
22,216,T99,SHARES_TERMINAL
22,349,T65,SHARES_TERMINAL
22,349,T99,SHARES_TERMINAL
22,485,T65,SHARES_TERMINAL
22,485,T99,SHARES_TERMINAL
22,497,T99,SHARES_TERMINAL
22,601,T65,SHARES_TERMINAL
22,601,T99,SHARES_TERMINAL
22,656,T99,SHARES_TERMINAL
22,798,T65,SHARES_TERMINAL
22,798,T99,SHARES_TERMINAL
22,957,T99,SHARES_TERMINAL
24,58,T74,SHARES_TERMINAL
24,58,T66,SHARES_TERMINAL
24,250,T74,SHARES_TERMINAL
24,250,T66,SHARES_TERMINAL
24,279,T74,SHARES_TERMINAL
24,279,T66,SHARES_TERMINAL
24,632,T66,SHARES_TERMINAL
24,632,T74,SHARES_TERMINAL
24,745,T66,SHARES_TERMINAL
24,745,T74,SHARES_TERMINAL
24,863,T74,SHARES_TERMINAL
24,863,T66,SHARES_TERMINAL
24,925,T66,SHARES_TERMINAL
24,925,T74,SHARES_TERMINAL
25,28,T88,SHARES_TERMINAL
25,28,T17,SHARES_TERMINAL
25,32,T88,SHARES_TERMINAL
25,32,T17,SHARES_TERMINAL
25,47,T17,SHARES_TERMINAL
25,53,T88,SHARES_TERMINAL
25,133,T88,SHARES_TERMINAL
25,146,T88,SHARES_TERMINAL
25,220,T17,SHARES_TERMINAL
25,299,T88,SHARES_TERMINAL
25,299,T17,SHARES_TERMINAL
25,301,T17,SHARES_TERMINAL
25,438,T17,SHARES_TERMINAL
25,496,T17,SHARES_TERMINAL
25,544,T17,SHARES_TERMINAL
25,720,T88,SHARES_TERMINAL
25,841,T17,SHARES_TERMINAL
25,888,T88,SHARES_TERMINAL
25,946,T88,SHARES_TERMINAL
28,32,T88,SHARES_TERMINAL
28,32,T17,SHARES_TERMINAL
28,47,T17,SHARES_TERMINAL
28,53,T88,SHARES_TERMINAL
28,133,T88,SHARES_TERMINAL
28,146,T88,SHARES_TERMINAL
28,220,T17,SHARES_TERMINAL
28,299,T88,SHARES_TERMINAL
28,299,T17,SHARES_TERMINAL
28,301,T17,SHARES_TERMINAL
28,438,T17,SHARES_TERMINAL
28,496,T17,SHARES_TERMINAL
28,544,T17,SHARES_TERMINAL
28,720,T88,SHARES_TERMINAL
28,841,T17,SHARES_TERMINAL
28,888,T88,SHARES_TERMINAL
28,946,T88,SHARES_TERMINAL
29,217,T62,SHARES_TERMINAL
29,224,T40,SHARES_TERMINAL
29,271,T40,SHARES_TERMINAL
29,317,T40,SHARES_TERMINAL
29,352,T48,SHARES_TERMINAL
29,352,T62,SHARES_TERMINAL
29,396,T40,SHARES_TERMINAL
29,396,T48,SHARES_TERMINAL
29,481,T48,SHARES_TERMINAL
29,516,T62,SHARES_TERMINAL
29,535,T62,SHARES_TERMINAL
29,537,T62,SHARES_TERMINAL
29,546,T40,SHARES_TERMINAL
29,552,T48,SHARES_TERMINAL
29,616,T40,SHARES_TERMINAL
29,729,T40,SHARES_TERMINAL
29,787,T40,SHARES_TERMINAL
29,815,T40,SHARES_TERMINAL
29,815,T48,SHARES_TERMINAL
29,847,T40,SHARES_TERMINAL
29,889,T40,SHARES_TERMINAL
29,889,T48,SHARES_TERMINAL
29,912,T62,SHARES_TERMINAL
29,937,T48,SHARES_TERMINAL
29,971,T40,SHARES_TERMINAL
29,973,T40,SHARES_TERMINAL
29,990,T48,SHARES_TERMINAL
31,79,T8,SHARES_TERMINAL
31,79,T46,SHARES_TERMINAL
31,138,T8,SHARES_TERMINAL
31,158,T8,SHARES_TERMINAL
31,179,T8,SHARES_TERMINAL
31,223,T8,SHARES_TERMINAL
31,223,T46,SHARES_TERMINAL
31,293,T46,SHARES_TERMINAL
31,378,T8,SHARES_TERMINAL
31,488,T46,SHARES_TERMINAL
31,591,T46,SHARES_TERMINAL
31,615,T8,SHARES_TERMINAL
31,615,T46,SHARES_TERMINAL
31,621,T8,SHARES_TERMINAL
31,621,T46,SHARES_TERMINAL
31,792,T8,SHARES_TERMINAL
32,47,T17,SHARES_TERMINAL
32,53,T88,SHARES_TERMINAL
32,133,T88,SHARES_TERMINAL
32,146,T88,SHARES_TERMINAL
32,220,T17,SHARES_TERMINAL
32,299,T88,SHARES_TERMINAL
32,299,T17,SHARES_TERMINAL
32,301,T17,SHARES_TERMINAL
32,438,T17,SHARES_TERMINAL
32,496,T17,SHARES_TERMINAL
32,544,T17,SHARES_TERMINAL
32,720,T88,SHARES_TERMINAL
32,841,T17,SHARES_TERMINAL
32,888,T88,SHARES_TERMINAL
32,946,T88,SHARES_TERMINAL
33,238,T64,SHARES_TERMINAL
33,260,T64,SHARES_TERMINAL
33,347,T64,SHARES_TERMINAL
33,685,T64,SHARES_TERMINAL
33,795,T64,SHARES_TERMINAL
34,134,T29,SHARES_TERMINAL
34,154,T29,SHARES_TERMINAL
34,476,T29,SHARES_TERMINAL
34,479,T29,SHARES_TERMINAL
34,657,T29,SHARES_TERMINAL
34,764,T29,SHARES_TERMINAL
34,959,T29,SHARES_TERMINAL
35,283,T38,SHARES_TERMINAL
35,312,T38,SHARES_TERMINAL
35,323,T51,SHARES_TERMINAL
35,506,T51,SHARES_TERMINAL
35,613,T51,SHARES_TERMINAL
35,669,T38,SHARES_TERMINAL
35,739,T51,SHARES_TERMINAL
35,800,T51,SHARES_TERMINAL
35,857,T38,SHARES_TERMINAL
35,945,T51,SHARES_TERMINAL
35,945,T38,SHARES_TERMINAL
35,954,T51,SHARES_TERMINAL
37,119,T54,SHARES_TERMINAL
37,371,T54,SHARES_TERMINAL
37,460,T54,SHARES_TERMINAL
37,660,T54,SHARES_TERMINAL
37,670,T54,SHARES_TERMINAL
37,773,T54,SHARES_TERMINAL
38,45,T93,SHARES_TERMINAL
38,145,T93,SHARES_TERMINAL
38,240,T93,SHARES_TERMINAL
38,240,T78,SHARES_TERMINAL
38,255,T93,SHARES_TERMINAL
38,307,T78,SHARES_TERMINAL
38,650,T93,SHARES_TERMINAL
38,675,T93,SHARES_TERMINAL
38,690,T78,SHARES_TERMINAL
38,752,T93,SHARES_TERMINAL
38,752,T78,SHARES_TERMINAL
38,791,T93,SHARES_TERMINAL
38,791,T78,SHARES_TERMINAL
38,936,T93,SHARES_TERMINAL
40,61,T31,SHARES_TERMINAL
40,265,T31,SHARES_TERMINAL
40,309,T31,SHARES_TERMINAL
40,522,T31,SHARES_TERMINAL
40,530,T31,SHARES_TERMINAL
40,712,T31,SHARES_TERMINAL
41,156,T79,SHARES_TERMINAL
41,297,T79,SHARES_TERMINAL
41,701,T79,SHARES_TERMINAL
41,834,T79,SHARES_TERMINAL
41,911,T79,SHARES_TERMINAL
41,922,T79,SHARES_TERMINAL
41,985,T79,SHARES_TERMINAL
43,104,T82,SHARES_TERMINAL
43,174,T82,SHARES_TERMINAL
43,503,T82,SHARES_TERMINAL
45,145,T93,SHARES_TERMINAL
45,240,T93,SHARES_TERMINAL
45,255,T93,SHARES_TERMINAL
45,650,T93,SHARES_TERMINAL
45,675,T93,SHARES_TERMINAL
45,752,T93,SHARES_TERMINAL
45,791,T93,SHARES_TERMINAL
45,936,T93,SHARES_TERMINAL
46,122,T34,SHARES_TERMINAL
46,224,T52,SHARES_TERMINAL
46,271,T52,SHARES_TERMINAL
46,317,T52,SHARES_TERMINAL
46,376,T52,SHARES_TERMINAL
46,377,T34,SHARES_TERMINAL
46,396,T34,SHARES_TERMINAL
46,396,T52,SHARES_TERMINAL
46,542,T52,SHARES_TERMINAL
46,552,T34,SHARES_TERMINAL
46,560,T52,SHARES_TERMINAL
46,616,T52,SHARES_TERMINAL
46,799,T34,SHARES_TERMINAL
46,799,T52,SHARES_TERMINAL
46,809,T34,SHARES_TERMINAL
46,889,T34,SHARES_TERMINAL
46,889,T52,SHARES_TERMINAL
46,937,T34,SHARES_TERMINAL
46,937,T52,SHARES_TERMINAL
46,971,T52,SHARES_TERMINAL
46,990,T34,SHARES_TERMINAL
47,182,T41,SHARES_TERMINAL
47,220,T17,SHARES_TERMINAL
47,221,T41,SHARES_TERMINAL
47,299,T17,SHARES_TERMINAL
47,301,T17,SHARES_TERMINAL
47,438,T17,SHARES_TERMINAL
47,438,T41,SHARES_TERMINAL
47,496,T41,SHARES_TERMINAL
47,496,T17,SHARES_TERMINAL
47,522,T41,SHARES_TERMINAL
47,544,T17,SHARES_TERMINAL
47,672,T41,SHARES_TERMINAL
47,694,T41,SHARES_TERMINAL
47,706,T41,SHARES_TERMINAL
47,841,T41,SHARES_TERMINAL
47,841,T17,SHARES_TERMINAL
49,259,T26,SHARES_TERMINAL
49,288,T26,SHARES_TERMINAL
49,437,T26,SHARES_TERMINAL
49,559,T26,SHARES_TERMINAL
49,968,T26,SHARES_TERMINAL
50,155,T11,SHARES_TERMINAL
50,287,T11,SHARES_TERMINAL
50,540,T11,SHARES_TERMINAL
50,573,T11,SHARES_TERMINAL
50,860,T11,SHARES_TERMINAL
51,78,T72,SHARES_TERMINAL
51,355,T72,SHARES_TERMINAL
51,408,T60,SHARES_TERMINAL
51,469,T72,SHARES_TERMINAL
51,689,T72,SHARES_TERMINAL
51,719,T72,SHARES_TERMINAL
51,741,T72,SHARES_TERMINAL
51,782,T72,SHARES_TERMINAL
51,810,T60,SHARES_TERMINAL
51,820,T72,SHARES_TERMINAL
51,920,T72,SHARES_TERMINAL
52,141,T94,SHARES_TERMINAL
52,249,T94,SHARES_TERMINAL
52,357,T94,SHARES_TERMINAL
52,487,T94,SHARES_TERMINAL
52,754,T94,SHARES_TERMINAL
52,836,T94,SHARES_TERMINAL
52,855,T94,SHARES_TERMINAL
52,915,T94,SHARES_TERMINAL
53,133,T88,SHARES_TERMINAL
53,146,T88,SHARES_TERMINAL
53,299,T88,SHARES_TERMINAL
53,720,T88,SHARES_TERMINAL
53,888,T88,SHARES_TERMINAL
53,946,T88,SHARES_TERMINAL
55,118,T81,SHARES_TERMINAL
55,362,T81,SHARES_TERMINAL
55,402,T81,SHARES_TERMINAL
55,435,T81,SHARES_TERMINAL
55,529,T81,SHARES_TERMINAL
57,92,T56,SHARES_TERMINAL
57,192,T20,SHARES_TERMINAL
57,276,T20,SHARES_TERMINAL
57,284,T56,SHARES_TERMINAL
57,284,T20,SHARES_TERMINAL
57,376,T56,SHARES_TERMINAL
57,473,T56,SHARES_TERMINAL
57,477,T56,SHARES_TERMINAL
57,495,T56,SHARES_TERMINAL
57,526,T56,SHARES_TERMINAL
57,542,T56,SHARES_TERMINAL
57,560,T56,SHARES_TERMINAL
57,594,T56,SHARES_TERMINAL
57,594,T20,SHARES_TERMINAL
57,617,T56,SHARES_TERMINAL
57,707,T20,SHARES_TERMINAL
57,723,T56,SHARES_TERMINAL
57,723,T20,SHARES_TERMINAL
58,250,T74,SHARES_TERMINAL
58,250,T66,SHARES_TERMINAL
58,266,T27,SHARES_TERMINAL
58,279,T66,SHARES_TERMINAL
58,279,T27,SHARES_TERMINAL
58,279,T74,SHARES_TERMINAL
58,454,T27,SHARES_TERMINAL
58,632,T66,SHARES_TERMINAL
58,632,T74,SHARES_TERMINAL
58,641,T27,SHARES_TERMINAL
58,738,T27,SHARES_TERMINAL
58,745,T66,SHARES_TERMINAL
58,745,T74,SHARES_TERMINAL
58,863,T74,SHARES_TERMINAL
58,863,T66,SHARES_TERMINAL
58,904,T27,SHARES_TERMINAL
58,925,T66,SHARES_TERMINAL
58,925,T74,SHARES_TERMINAL
60,267,T35,SHARES_TERMINAL
60,423,T35,SHARES_TERMINAL
60,471,T35,SHARES_TERMINAL
60,568,T35,SHARES_TERMINAL
60,643,T35,SHARES_TERMINAL
60,698,T35,SHARES_TERMINAL
60,895,T35,SHARES_TERMINAL
61,265,T31,SHARES_TERMINAL
61,309,T31,SHARES_TERMINAL
61,522,T31,SHARES_TERMINAL
61,530,T31,SHARES_TERMINAL
61,712,T31,SHARES_TERMINAL
63,128,T39,SHARES_TERMINAL
63,237,T96,SHARES_TERMINAL
63,336,T96,SHARES_TERMINAL
63,340,T96,SHARES_TERMINAL
63,379,T96,SHARES_TERMINAL
63,461,T96,SHARES_TERMINAL
63,474,T96,SHARES_TERMINAL
63,521,T39,SHARES_TERMINAL
63,624,T39,SHARES_TERMINAL
65,113,T95,SHARES_TERMINAL
65,361,T95,SHARES_TERMINAL
65,619,T95,SHARES_TERMINAL
65,825,T95,SHARES_TERMINAL
67,344,T83,SHARES_TERMINAL
67,457,T83,SHARES_TERMINAL
67,610,T83,SHARES_TERMINAL
67,654,T83,SHARES_TERMINAL
67,996,T83,SHARES_TERMINAL
68,300,T85,SHARES_TERMINAL
68,321,T85,SHARES_TERMINAL
68,348,T85,SHARES_TERMINAL
68,427,T85,SHARES_TERMINAL
68,523,T85,SHARES_TERMINAL
68,543,T85,SHARES_TERMINAL
68,605,T85,SHARES_TERMINAL
73,117,T67,SHARES_TERMINAL
73,232,T67,SHARES_TERMINAL
73,446,T67,SHARES_TERMINAL
73,717,T67,SHARES_TERMINAL
73,770,T67,SHARES_TERMINAL
73,906,T67,SHARES_TERMINAL
76,175,T47,SHARES_TERMINAL
76,183,T47,SHARES_TERMINAL
76,199,T47,SHARES_TERMINAL
76,294,T47,SHARES_TERMINAL
76,554,T47,SHARES_TERMINAL
76,666,T47,SHARES_TERMINAL
76,700,T47,SHARES_TERMINAL
76,768,T47,SHARES_TERMINAL
76,872,T47,SHARES_TERMINAL
78,355,T72,SHARES_TERMINAL
78,355,T71,SHARES_TERMINAL
78,469,T72,SHARES_TERMINAL
78,469,T71,SHARES_TERMINAL
78,689,T72,SHARES_TERMINAL
78,689,T71,SHARES_TERMINAL
78,719,T72,SHARES_TERMINAL
78,741,T72,SHARES_TERMINAL
78,741,T71,SHARES_TERMINAL
78,782,T72,SHARES_TERMINAL
78,782,T71,SHARES_TERMINAL
78,820,T72,SHARES_TERMINAL
78,920,T72,SHARES_TERMINAL
78,920,T71,SHARES_TERMINAL
79,88,T4,SHARES_TERMINAL
79,138,T8,SHARES_TERMINAL
79,138,T4,SHARES_TERMINAL
79,158,T8,SHARES_TERMINAL
79,158,T4,SHARES_TERMINAL
79,179,T8,SHARES_TERMINAL
79,179,T4,SHARES_TERMINAL
79,212,T4,SHARES_TERMINAL
79,223,T8,SHARES_TERMINAL
79,223,T46,SHARES_TERMINAL
79,293,T46,SHARES_TERMINAL
79,378,T8,SHARES_TERMINAL
79,488,T46,SHARES_TERMINAL
79,591,T46,SHARES_TERMINAL
79,615,T8,SHARES_TERMINAL
79,615,T46,SHARES_TERMINAL
79,621,T8,SHARES_TERMINAL
79,621,T4,SHARES_TERMINAL
79,621,T46,SHARES_TERMINAL
79,792,T8,SHARES_TERMINAL
79,792,T4,SHARES_TERMINAL
79,833,T4,SHARES_TERMINAL
80,89,T24,SHARES_TERMINAL
80,113,T24,SHARES_TERMINAL
80,234,T24,SHARES_TERMINAL
80,310,T24,SHARES_TERMINAL
80,361,T24,SHARES_TERMINAL
80,619,T24,SHARES_TERMINAL
80,649,T24,SHARES_TERMINAL
80,825,T24,SHARES_TERMINAL
80,974,T24,SHARES_TERMINAL
80,989,T24,SHARES_TERMINAL
81,127,T80,SHARES_TERMINAL
81,184,T80,SHARES_TERMINAL
81,248,T80,SHARES_TERMINAL
81,335,T80,SHARES_TERMINAL
81,462,T80,SHARES_TERMINAL
81,597,T80,SHARES_TERMINAL
81,849,T80,SHARES_TERMINAL
81,988,T80,SHARES_TERMINAL
83,135,T25,SHARES_TERMINAL
83,135,T7,SHARES_TERMINAL
83,200,T25,SHARES_TERMINAL
83,200,T7,SHARES_TERMINAL
83,213,T25,SHARES_TERMINAL
83,213,T7,SHARES_TERMINAL
83,498,T25,SHARES_TERMINAL
83,498,T7,SHARES_TERMINAL
83,905,T25,SHARES_TERMINAL
83,905,T7,SHARES_TERMINAL
83,955,T25,SHARES_TERMINAL
83,955,T7,SHARES_TERMINAL
85,161,T37,SHARES_TERMINAL
85,210,T37,SHARES_TERMINAL
85,278,T37,SHARES_TERMINAL
85,328,T37,SHARES_TERMINAL
85,398,T37,SHARES_TERMINAL
85,666,T37,SHARES_TERMINAL
85,872,T37,SHARES_TERMINAL
85,903,T37,SHARES_TERMINAL
85,960,T37,SHARES_TERMINAL
86,512,T91,SHARES_TERMINAL
86,584,T91,SHARES_TERMINAL
86,603,T91,SHARES_TERMINAL
86,683,T91,SHARES_TERMINAL
86,728,T91,SHARES_TERMINAL
86,853,T91,SHARES_TERMINAL
86,961,T91,SHARES_TERMINAL
86,977,T91,SHARES_TERMINAL
87,216,T65,SHARES_TERMINAL
87,216,T99,SHARES_TERMINAL
87,349,T65,SHARES_TERMINAL
87,349,T99,SHARES_TERMINAL
87,485,T65,SHARES_TERMINAL
87,485,T99,SHARES_TERMINAL
87,497,T99,SHARES_TERMINAL
87,601,T65,SHARES_TERMINAL
87,601,T99,SHARES_TERMINAL
87,656,T99,SHARES_TERMINAL
87,798,T65,SHARES_TERMINAL
87,798,T99,SHARES_TERMINAL
87,957,T99,SHARES_TERMINAL
88,138,T4,SHARES_TERMINAL
88,158,T4,SHARES_TERMINAL
88,179,T4,SHARES_TERMINAL
88,212,T4,SHARES_TERMINAL
88,621,T4,SHARES_TERMINAL
88,792,T4,SHARES_TERMINAL
88,833,T4,SHARES_TERMINAL
89,113,T24,SHARES_TERMINAL
89,234,T24,SHARES_TERMINAL
89,310,T24,SHARES_TERMINAL
89,361,T24,SHARES_TERMINAL
89,619,T24,SHARES_TERMINAL
89,649,T24,SHARES_TERMINAL
89,825,T24,SHARES_TERMINAL
89,974,T24,SHARES_TERMINAL
89,989,T24,SHARES_TERMINAL
90,144,T14,SHARES_TERMINAL
90,144,T6,SHARES_TERMINAL
90,222,T14,SHARES_TERMINAL
90,564,T14,SHARES_TERMINAL
90,564,T6,SHARES_TERMINAL
90,628,T14,SHARES_TERMINAL
90,628,T6,SHARES_TERMINAL
90,740,T6,SHARES_TERMINAL
90,742,T14,SHARES_TERMINAL
90,778,T6,SHARES_TERMINAL
90,883,T6,SHARES_TERMINAL
90,883,T14,SHARES_TERMINAL
90,940,T6,SHARES_TERMINAL
92,284,T56,SHARES_TERMINAL
92,376,T56,SHARES_TERMINAL
92,473,T56,SHARES_TERMINAL
92,477,T56,SHARES_TERMINAL
92,495,T56,SHARES_TERMINAL
92,526,T56,SHARES_TERMINAL
92,542,T56,SHARES_TERMINAL
92,560,T56,SHARES_TERMINAL
92,594,T56,SHARES_TERMINAL
92,617,T56,SHARES_TERMINAL
92,723,T56,SHARES_TERMINAL
94,142,T10,SHARES_TERMINAL
94,292,T10,SHARES_TERMINAL
94,411,T10,SHARES_TERMINAL
94,430,T10,SHARES_TERMINAL
94,489,T10,SHARES_TERMINAL
94,586,T10,SHARES_TERMINAL
94,736,T10,SHARES_TERMINAL
94,938,T10,SHARES_TERMINAL
98,203,T42,SHARES_TERMINAL
98,275,T42,SHARES_TERMINAL
98,315,T92,SHARES_TERMINAL
98,429,T42,SHARES_TERMINAL
98,440,T42,SHARES_TERMINAL
98,458,T42,SHARES_TERMINAL
98,590,T92,SHARES_TERMINAL
98,627,T92,SHARES_TERMINAL
98,740,T42,SHARES_TERMINAL
98,748,T42,SHARES_TERMINAL
98,775,T92,SHARES_TERMINAL
98,778,T42,SHARES_TERMINAL
98,823,T92,SHARES_TERMINAL
98,824,T42,SHARES_TERMINAL
98,861,T42,SHARES_TERMINAL
98,896,T92,SHARES_TERMINAL
98,940,T92,SHARES_TERMINAL
98,948,T42,SHARES_TERMINAL
100,262,T43,SHARES_TERMINAL
100,313,T43,SHARES_TERMINAL
100,359,T43,SHARES_TERMINAL
100,382,T43,SHARES_TERMINAL
100,668,T43,SHARES_TERMINAL
100,831,T43,SHARES_TERMINAL
103,758,T61,SHARES_TERMINAL
104,174,T82,SHARES_TERMINAL
104,503,T82,SHARES_TERMINAL
106,148,T33,SHARES_TERMINAL
106,230,T33,SHARES_TERMINAL
106,536,T33,SHARES_TERMINAL
106,579,T33,SHARES_TERMINAL
106,629,T33,SHARES_TERMINAL
106,635,T33,SHARES_TERMINAL
106,696,T33,SHARES_TERMINAL
106,776,T33,SHARES_TERMINAL
106,832,T33,SHARES_TERMINAL
106,844,T33,SHARES_TERMINAL
106,875,T33,SHARES_TERMINAL
106,916,T33,SHARES_TERMINAL
106,970,T33,SHARES_TERMINAL
106,983,T33,SHARES_TERMINAL
111,129,T3,SHARES_TERMINAL
111,143,T3,SHARES_TERMINAL
111,150,T3,SHARES_TERMINAL
111,296,T3,SHARES_TERMINAL
111,405,T3,SHARES_TERMINAL
111,466,T3,SHARES_TERMINAL
111,596,T3,SHARES_TERMINAL
113,234,T24,SHARES_TERMINAL
113,310,T24,SHARES_TERMINAL
113,361,T24,SHARES_TERMINAL
113,361,T95,SHARES_TERMINAL
113,619,T24,SHARES_TERMINAL
113,619,T95,SHARES_TERMINAL
113,649,T24,SHARES_TERMINAL
113,825,T24,SHARES_TERMINAL
113,825,T95,SHARES_TERMINAL
113,974,T24,SHARES_TERMINAL
113,989,T24,SHARES_TERMINAL
117,232,T67,SHARES_TERMINAL
117,446,T67,SHARES_TERMINAL
117,717,T67,SHARES_TERMINAL
117,770,T67,SHARES_TERMINAL
117,906,T67,SHARES_TERMINAL
118,362,T81,SHARES_TERMINAL
118,402,T81,SHARES_TERMINAL
118,435,T81,SHARES_TERMINAL
118,529,T81,SHARES_TERMINAL
119,371,T54,SHARES_TERMINAL
119,460,T54,SHARES_TERMINAL
119,660,T54,SHARES_TERMINAL
119,670,T54,SHARES_TERMINAL
119,773,T54,SHARES_TERMINAL
122,187,T16,SHARES_TERMINAL
122,188,T16,SHARES_TERMINAL
122,243,T16,SHARES_TERMINAL
122,272,T16,SHARES_TERMINAL
122,377,T34,SHARES_TERMINAL
122,396,T34,SHARES_TERMINAL
122,467,T16,SHARES_TERMINAL
122,481,T16,SHARES_TERMINAL
122,552,T16,SHARES_TERMINAL
122,552,T34,SHARES_TERMINAL
122,553,T16,SHARES_TERMINAL
122,618,T16,SHARES_TERMINAL
122,639,T16,SHARES_TERMINAL
122,676,T16,SHARES_TERMINAL
122,799,T34,SHARES_TERMINAL
122,809,T34,SHARES_TERMINAL
122,889,T34,SHARES_TERMINAL
122,937,T34,SHARES_TERMINAL
122,990,T16,SHARES_TERMINAL
122,990,T34,SHARES_TERMINAL
127,184,T80,SHARES_TERMINAL
127,248,T80,SHARES_TERMINAL
127,335,T80,SHARES_TERMINAL
127,462,T80,SHARES_TERMINAL
127,597,T80,SHARES_TERMINAL
127,849,T80,SHARES_TERMINAL
127,988,T80,SHARES_TERMINAL
128,521,T39,SHARES_TERMINAL
128,624,T39,SHARES_TERMINAL
129,143,T3,SHARES_TERMINAL
129,150,T3,SHARES_TERMINAL
129,296,T3,SHARES_TERMINAL
129,405,T3,SHARES_TERMINAL
129,466,T3,SHARES_TERMINAL
129,596,T3,SHARES_TERMINAL
132,195,T30,SHARES_TERMINAL
132,195,T22,SHARES_TERMINAL
132,195,T15,SHARES_TERMINAL
132,285,T89,SHARES_TERMINAL
132,285,T30,SHARES_TERMINAL
132,285,T15,SHARES_TERMINAL
132,286,T89,SHARES_TERMINAL
132,286,T30,SHARES_TERMINAL
132,286,T15,SHARES_TERMINAL
132,322,T89,SHARES_TERMINAL
132,339,T89,SHARES_TERMINAL
132,339,T30,SHARES_TERMINAL
132,389,T89,SHARES_TERMINAL
132,457,T22,SHARES_TERMINAL
132,595,T22,SHARES_TERMINAL
132,595,T15,SHARES_TERMINAL
132,654,T22,SHARES_TERMINAL
132,654,T30,SHARES_TERMINAL
132,654,T15,SHARES_TERMINAL
132,704,T89,SHARES_TERMINAL
132,704,T30,SHARES_TERMINAL
132,704,T15,SHARES_TERMINAL
132,725,T89,SHARES_TERMINAL
132,769,T89,SHARES_TERMINAL
132,803,T15,SHARES_TERMINAL
132,803,T30,SHARES_TERMINAL
132,803,T22,SHARES_TERMINAL
132,843,T89,SHARES_TERMINAL
132,843,T30,SHARES_TERMINAL
132,843,T15,SHARES_TERMINAL
132,913,T89,SHARES_TERMINAL
132,935,T89,SHARES_TERMINAL
133,146,T88,SHARES_TERMINAL
133,299,T88,SHARES_TERMINAL
133,720,T88,SHARES_TERMINAL
133,888,T88,SHARES_TERMINAL
133,946,T88,SHARES_TERMINAL
134,154,T29,SHARES_TERMINAL
134,476,T29,SHARES_TERMINAL
134,479,T29,SHARES_TERMINAL
134,657,T29,SHARES_TERMINAL
134,764,T29,SHARES_TERMINAL
134,959,T29,SHARES_TERMINAL
135,200,T49,SHARES_TERMINAL
135,200,T25,SHARES_TERMINAL
135,200,T7,SHARES_TERMINAL
135,213,T25,SHARES_TERMINAL
135,213,T7,SHARES_TERMINAL
135,498,T25,SHARES_TERMINAL
135,498,T7,SHARES_TERMINAL
135,498,T49,SHARES_TERMINAL
135,655,T49,SHARES_TERMINAL
135,779,T49,SHARES_TERMINAL
135,905,T25,SHARES_TERMINAL
135,905,T7,SHARES_TERMINAL
135,955,T25,SHARES_TERMINAL
135,955,T7,SHARES_TERMINAL
138,158,T8,SHARES_TERMINAL
138,158,T4,SHARES_TERMINAL
138,179,T8,SHARES_TERMINAL
138,179,T4,SHARES_TERMINAL
138,212,T4,SHARES_TERMINAL
138,223,T8,SHARES_TERMINAL
138,378,T8,SHARES_TERMINAL
138,615,T8,SHARES_TERMINAL
138,621,T8,SHARES_TERMINAL
138,621,T4,SHARES_TERMINAL
138,792,T8,SHARES_TERMINAL
138,792,T4,SHARES_TERMINAL
138,833,T4,SHARES_TERMINAL
140,198,T28,SHARES_TERMINAL
140,659,T28,SHARES_TERMINAL
140,793,T28,SHARES_TERMINAL
140,880,T28,SHARES_TERMINAL
140,891,T28,SHARES_TERMINAL
140,975,T28,SHARES_TERMINAL
140,978,T28,SHARES_TERMINAL
141,249,T94,SHARES_TERMINAL
141,357,T94,SHARES_TERMINAL
141,487,T94,SHARES_TERMINAL
141,754,T94,SHARES_TERMINAL
141,836,T94,SHARES_TERMINAL
141,855,T94,SHARES_TERMINAL
141,915,T94,SHARES_TERMINAL
142,292,T10,SHARES_TERMINAL
142,411,T10,SHARES_TERMINAL
142,430,T10,SHARES_TERMINAL
142,489,T10,SHARES_TERMINAL
142,586,T10,SHARES_TERMINAL
142,736,T10,SHARES_TERMINAL
142,938,T10,SHARES_TERMINAL
143,150,T3,SHARES_TERMINAL
143,296,T3,SHARES_TERMINAL
143,405,T3,SHARES_TERMINAL
143,466,T3,SHARES_TERMINAL
143,596,T3,SHARES_TERMINAL
144,222,T14,SHARES_TERMINAL
144,564,T14,SHARES_TERMINAL
144,564,T6,SHARES_TERMINAL
144,628,T14,SHARES_TERMINAL
144,628,T6,SHARES_TERMINAL
144,740,T6,SHARES_TERMINAL
144,742,T14,SHARES_TERMINAL
144,778,T6,SHARES_TERMINAL
144,883,T6,SHARES_TERMINAL
144,883,T14,SHARES_TERMINAL
144,940,T6,SHARES_TERMINAL
145,240,T93,SHARES_TERMINAL
145,255,T93,SHARES_TERMINAL
145,650,T93,SHARES_TERMINAL
145,675,T93,SHARES_TERMINAL
145,752,T93,SHARES_TERMINAL
145,791,T93,SHARES_TERMINAL
145,936,T93,SHARES_TERMINAL
146,299,T88,SHARES_TERMINAL
146,720,T88,SHARES_TERMINAL
146,888,T88,SHARES_TERMINAL
146,946,T88,SHARES_TERMINAL
148,230,T33,SHARES_TERMINAL
148,536,T33,SHARES_TERMINAL
148,579,T33,SHARES_TERMINAL
148,629,T33,SHARES_TERMINAL
148,635,T33,SHARES_TERMINAL
148,696,T33,SHARES_TERMINAL
148,776,T33,SHARES_TERMINAL
148,832,T33,SHARES_TERMINAL
148,844,T33,SHARES_TERMINAL
148,875,T33,SHARES_TERMINAL
148,916,T33,SHARES_TERMINAL
148,970,T33,SHARES_TERMINAL
148,983,T33,SHARES_TERMINAL
150,296,T3,SHARES_TERMINAL
150,405,T3,SHARES_TERMINAL
150,466,T3,SHARES_TERMINAL
150,596,T3,SHARES_TERMINAL
154,476,T29,SHARES_TERMINAL
154,479,T29,SHARES_TERMINAL
154,657,T29,SHARES_TERMINAL
154,764,T29,SHARES_TERMINAL
154,959,T29,SHARES_TERMINAL
155,287,T11,SHARES_TERMINAL
155,540,T11,SHARES_TERMINAL
155,573,T11,SHARES_TERMINAL
155,860,T11,SHARES_TERMINAL
156,297,T79,SHARES_TERMINAL
156,701,T79,SHARES_TERMINAL
156,834,T79,SHARES_TERMINAL
156,911,T79,SHARES_TERMINAL
156,922,T79,SHARES_TERMINAL
156,985,T79,SHARES_TERMINAL
158,179,T8,SHARES_TERMINAL
158,179,T4,SHARES_TERMINAL
158,212,T4,SHARES_TERMINAL
158,223,T8,SHARES_TERMINAL
158,378,T8,SHARES_TERMINAL
158,615,T8,SHARES_TERMINAL
158,621,T8,SHARES_TERMINAL
158,621,T4,SHARES_TERMINAL
158,792,T8,SHARES_TERMINAL
158,792,T4,SHARES_TERMINAL
158,833,T4,SHARES_TERMINAL
159,227,T2,SHARES_TERMINAL
159,678,T2,SHARES_TERMINAL
159,856,T2,SHARES_TERMINAL
159,886,T2,SHARES_TERMINAL
159,982,T2,SHARES_TERMINAL
160,226,T12,SHARES_TERMINAL
160,363,T12,SHARES_TERMINAL
160,638,T12,SHARES_TERMINAL
160,786,T12,SHARES_TERMINAL
160,941,T12,SHARES_TERMINAL
161,210,T37,SHARES_TERMINAL
161,278,T37,SHARES_TERMINAL
161,328,T37,SHARES_TERMINAL
161,398,T37,SHARES_TERMINAL
161,666,T37,SHARES_TERMINAL
161,872,T37,SHARES_TERMINAL
161,903,T37,SHARES_TERMINAL
161,960,T37,SHARES_TERMINAL
174,503,T82,SHARES_TERMINAL
175,183,T47,SHARES_TERMINAL
175,199,T47,SHARES_TERMINAL
175,294,T47,SHARES_TERMINAL
175,554,T47,SHARES_TERMINAL
175,666,T47,SHARES_TERMINAL
175,700,T47,SHARES_TERMINAL
175,768,T47,SHARES_TERMINAL
175,872,T47,SHARES_TERMINAL
179,212,T4,SHARES_TERMINAL
179,223,T8,SHARES_TERMINAL
179,378,T8,SHARES_TERMINAL
179,615,T8,SHARES_TERMINAL
179,621,T8,SHARES_TERMINAL
179,621,T4,SHARES_TERMINAL
179,792,T8,SHARES_TERMINAL
179,792,T4,SHARES_TERMINAL
179,833,T4,SHARES_TERMINAL
180,273,T58,SHARES_TERMINAL
180,292,T58,SHARES_TERMINAL
180,295,T58,SHARES_TERMINAL
180,381,T58,SHARES_TERMINAL
180,384,T58,SHARES_TERMINAL
180,406,T58,SHARES_TERMINAL
180,456,T58,SHARES_TERMINAL
180,533,T58,SHARES_TERMINAL
180,714,T58,SHARES_TERMINAL
180,763,T58,SHARES_TERMINAL
180,808,T58,SHARES_TERMINAL
182,221,T41,SHARES_TERMINAL
182,438,T41,SHARES_TERMINAL
182,496,T41,SHARES_TERMINAL
182,522,T41,SHARES_TERMINAL
182,672,T41,SHARES_TERMINAL
182,694,T41,SHARES_TERMINAL
182,706,T41,SHARES_TERMINAL
182,841,T41,SHARES_TERMINAL
183,199,T47,SHARES_TERMINAL
183,294,T47,SHARES_TERMINAL
183,554,T47,SHARES_TERMINAL
183,666,T47,SHARES_TERMINAL
183,700,T47,SHARES_TERMINAL
183,768,T47,SHARES_TERMINAL
183,872,T47,SHARES_TERMINAL
184,212,T50,SHARES_TERMINAL
184,248,T80,SHARES_TERMINAL
184,335,T80,SHARES_TERMINAL
184,426,T50,SHARES_TERMINAL
184,462,T80,SHARES_TERMINAL
184,597,T80,SHARES_TERMINAL
184,827,T50,SHARES_TERMINAL
184,837,T50,SHARES_TERMINAL
184,849,T80,SHARES_TERMINAL
184,988,T80,SHARES_TERMINAL
185,441,T75,SHARES_TERMINAL
185,899,T75,SHARES_TERMINAL
185,952,T75,SHARES_TERMINAL
185,992,T75,SHARES_TERMINAL
187,188,T16,SHARES_TERMINAL
187,243,T16,SHARES_TERMINAL
187,272,T16,SHARES_TERMINAL
187,467,T16,SHARES_TERMINAL
187,481,T16,SHARES_TERMINAL
187,552,T16,SHARES_TERMINAL
187,553,T16,SHARES_TERMINAL
187,618,T16,SHARES_TERMINAL
187,639,T16,SHARES_TERMINAL
187,676,T16,SHARES_TERMINAL
187,990,T16,SHARES_TERMINAL
188,243,T16,SHARES_TERMINAL
188,272,T16,SHARES_TERMINAL
188,467,T16,SHARES_TERMINAL
188,481,T16,SHARES_TERMINAL
188,552,T16,SHARES_TERMINAL
188,553,T16,SHARES_TERMINAL
188,618,T16,SHARES_TERMINAL
188,639,T16,SHARES_TERMINAL
188,676,T16,SHARES_TERMINAL
188,990,T16,SHARES_TERMINAL
191,215,T97,SHARES_TERMINAL
191,226,T97,SHARES_TERMINAL
191,258,T97,SHARES_TERMINAL
191,329,T97,SHARES_TERMINAL
191,363,T97,SHARES_TERMINAL
191,439,T97,SHARES_TERMINAL
191,557,T97,SHARES_TERMINAL
191,589,T97,SHARES_TERMINAL
191,756,T97,SHARES_TERMINAL
191,786,T97,SHARES_TERMINAL
191,817,T97,SHARES_TERMINAL
192,276,T20,SHARES_TERMINAL
192,284,T20,SHARES_TERMINAL
192,594,T20,SHARES_TERMINAL
192,707,T20,SHARES_TERMINAL
192,723,T20,SHARES_TERMINAL
195,285,T30,SHARES_TERMINAL
195,285,T15,SHARES_TERMINAL
195,286,T30,SHARES_TERMINAL
195,286,T15,SHARES_TERMINAL
195,339,T30,SHARES_TERMINAL
195,457,T22,SHARES_TERMINAL
195,595,T22,SHARES_TERMINAL
195,595,T15,SHARES_TERMINAL
195,654,T30,SHARES_TERMINAL
195,654,T22,SHARES_TERMINAL
195,654,T15,SHARES_TERMINAL
195,704,T30,SHARES_TERMINAL
195,704,T15,SHARES_TERMINAL
195,803,T15,SHARES_TERMINAL
195,803,T30,SHARES_TERMINAL
195,803,T22,SHARES_TERMINAL
195,843,T30,SHARES_TERMINAL
195,843,T15,SHARES_TERMINAL
198,369,T70,SHARES_TERMINAL
198,578,T70,SHARES_TERMINAL
198,659,T28,SHARES_TERMINAL
198,659,T70,SHARES_TERMINAL
198,793,T28,SHARES_TERMINAL
198,880,T28,SHARES_TERMINAL
198,880,T70,SHARES_TERMINAL
198,891,T28,SHARES_TERMINAL
198,891,T70,SHARES_TERMINAL
198,975,T28,SHARES_TERMINAL
198,975,T70,SHARES_TERMINAL
198,978,T28,SHARES_TERMINAL
198,978,T70,SHARES_TERMINAL
199,294,T47,SHARES_TERMINAL
199,554,T47,SHARES_TERMINAL
199,666,T47,SHARES_TERMINAL
199,700,T47,SHARES_TERMINAL
199,768,T47,SHARES_TERMINAL
199,872,T47,SHARES_TERMINAL
200,213,T25,SHARES_TERMINAL
200,213,T7,SHARES_TERMINAL
200,498,T25,SHARES_TERMINAL
200,498,T7,SHARES_TERMINAL
200,498,T49,SHARES_TERMINAL
200,655,T49,SHARES_TERMINAL
200,779,T49,SHARES_TERMINAL
200,905,T25,SHARES_TERMINAL
200,905,T7,SHARES_TERMINAL
200,955,T25,SHARES_TERMINAL
200,955,T7,SHARES_TERMINAL
202,327,T69,SHARES_TERMINAL
202,407,T69,SHARES_TERMINAL
202,425,T69,SHARES_TERMINAL
202,475,T69,SHARES_TERMINAL
203,275,T42,SHARES_TERMINAL
203,429,T42,SHARES_TERMINAL
203,440,T42,SHARES_TERMINAL
203,458,T42,SHARES_TERMINAL
203,740,T42,SHARES_TERMINAL
203,748,T42,SHARES_TERMINAL
203,778,T42,SHARES_TERMINAL
203,824,T42,SHARES_TERMINAL
203,861,T42,SHARES_TERMINAL
203,948,T42,SHARES_TERMINAL
210,278,T37,SHARES_TERMINAL
210,328,T37,SHARES_TERMINAL
210,398,T37,SHARES_TERMINAL
210,666,T37,SHARES_TERMINAL
210,872,T37,SHARES_TERMINAL
210,903,T37,SHARES_TERMINAL
210,960,T37,SHARES_TERMINAL
212,426,T50,SHARES_TERMINAL
212,621,T4,SHARES_TERMINAL
212,792,T4,SHARES_TERMINAL
212,827,T50,SHARES_TERMINAL
212,833,T4,SHARES_TERMINAL
212,837,T50,SHARES_TERMINAL
213,498,T25,SHARES_TERMINAL
213,498,T7,SHARES_TERMINAL
213,905,T25,SHARES_TERMINAL
213,905,T7,SHARES_TERMINAL
213,955,T25,SHARES_TERMINAL
213,955,T7,SHARES_TERMINAL
215,226,T97,SHARES_TERMINAL
215,258,T97,SHARES_TERMINAL
215,329,T97,SHARES_TERMINAL
215,363,T97,SHARES_TERMINAL
215,439,T97,SHARES_TERMINAL
215,557,T97,SHARES_TERMINAL
215,589,T97,SHARES_TERMINAL
215,756,T97,SHARES_TERMINAL
215,786,T97,SHARES_TERMINAL
215,817,T97,SHARES_TERMINAL
216,349,T65,SHARES_TERMINAL
216,349,T99,SHARES_TERMINAL
216,485,T65,SHARES_TERMINAL
216,485,T99,SHARES_TERMINAL
216,497,T99,SHARES_TERMINAL
216,601,T65,SHARES_TERMINAL
216,601,T99,SHARES_TERMINAL
216,656,T99,SHARES_TERMINAL
216,798,T65,SHARES_TERMINAL
216,798,T99,SHARES_TERMINAL
216,957,T99,SHARES_TERMINAL
217,352,T62,SHARES_TERMINAL
217,516,T62,SHARES_TERMINAL
217,535,T62,SHARES_TERMINAL
217,537,T62,SHARES_TERMINAL
217,912,T62,SHARES_TERMINAL
220,299,T17,SHARES_TERMINAL
220,301,T17,SHARES_TERMINAL
220,438,T17,SHARES_TERMINAL
220,496,T17,SHARES_TERMINAL
220,544,T17,SHARES_TERMINAL
220,841,T17,SHARES_TERMINAL
221,225,T68,SHARES_TERMINAL
221,323,T68,SHARES_TERMINAL
221,388,T68,SHARES_TERMINAL
221,438,T41,SHARES_TERMINAL
221,455,T68,SHARES_TERMINAL
221,496,T41,SHARES_TERMINAL
221,507,T68,SHARES_TERMINAL
221,522,T41,SHARES_TERMINAL
221,623,T68,SHARES_TERMINAL
221,667,T68,SHARES_TERMINAL
221,672,T41,SHARES_TERMINAL
221,694,T41,SHARES_TERMINAL
221,706,T41,SHARES_TERMINAL
221,841,T41,SHARES_TERMINAL
222,564,T14,SHARES_TERMINAL
222,628,T14,SHARES_TERMINAL
222,742,T14,SHARES_TERMINAL
222,883,T14,SHARES_TERMINAL
223,293,T46,SHARES_TERMINAL
223,378,T8,SHARES_TERMINAL
223,488,T46,SHARES_TERMINAL
223,591,T46,SHARES_TERMINAL
223,615,T8,SHARES_TERMINAL
223,615,T46,SHARES_TERMINAL
223,621,T8,SHARES_TERMINAL
223,621,T46,SHARES_TERMINAL
223,792,T8,SHARES_TERMINAL
224,271,T40,SHARES_TERMINAL
224,271,T52,SHARES_TERMINAL
224,317,T40,SHARES_TERMINAL
224,317,T52,SHARES_TERMINAL
224,376,T52,SHARES_TERMINAL
224,396,T40,SHARES_TERMINAL
224,396,T52,SHARES_TERMINAL
224,542,T52,SHARES_TERMINAL
224,546,T40,SHARES_TERMINAL
224,560,T52,SHARES_TERMINAL
224,616,T40,SHARES_TERMINAL
224,616,T52,SHARES_TERMINAL
224,729,T40,SHARES_TERMINAL
224,787,T40,SHARES_TERMINAL
224,799,T52,SHARES_TERMINAL
224,815,T40,SHARES_TERMINAL
224,847,T40,SHARES_TERMINAL
224,889,T40,SHARES_TERMINAL
224,889,T52,SHARES_TERMINAL
224,937,T52,SHARES_TERMINAL
224,971,T40,SHARES_TERMINAL
224,971,T52,SHARES_TERMINAL
224,973,T40,SHARES_TERMINAL
225,323,T68,SHARES_TERMINAL
225,388,T68,SHARES_TERMINAL
225,455,T68,SHARES_TERMINAL
225,507,T68,SHARES_TERMINAL
225,623,T68,SHARES_TERMINAL
225,667,T68,SHARES_TERMINAL
226,258,T97,SHARES_TERMINAL
226,329,T97,SHARES_TERMINAL
226,363,T97,SHARES_TERMINAL
226,363,T12,SHARES_TERMINAL
226,439,T97,SHARES_TERMINAL
226,557,T97,SHARES_TERMINAL
226,589,T97,SHARES_TERMINAL
226,638,T12,SHARES_TERMINAL
226,756,T97,SHARES_TERMINAL
226,786,T97,SHARES_TERMINAL
226,786,T12,SHARES_TERMINAL
226,817,T97,SHARES_TERMINAL
226,941,T12,SHARES_TERMINAL
227,304,T55,SHARES_TERMINAL
227,354,T55,SHARES_TERMINAL
227,374,T55,SHARES_TERMINAL
227,678,T2,SHARES_TERMINAL
227,686,T55,SHARES_TERMINAL
227,856,T2,SHARES_TERMINAL
227,856,T55,SHARES_TERMINAL
227,886,T2,SHARES_TERMINAL
227,886,T55,SHARES_TERMINAL
227,982,T2,SHARES_TERMINAL
230,536,T33,SHARES_TERMINAL
230,579,T33,SHARES_TERMINAL
230,629,T33,SHARES_TERMINAL
230,635,T33,SHARES_TERMINAL
230,696,T33,SHARES_TERMINAL
230,776,T33,SHARES_TERMINAL
230,832,T33,SHARES_TERMINAL
230,844,T33,SHARES_TERMINAL
230,875,T33,SHARES_TERMINAL
230,916,T33,SHARES_TERMINAL
230,970,T33,SHARES_TERMINAL
230,983,T33,SHARES_TERMINAL
231,280,T63,SHARES_TERMINAL
231,435,T63,SHARES_TERMINAL
231,452,T63,SHARES_TERMINAL
231,646,T63,SHARES_TERMINAL
231,845,T63,SHARES_TERMINAL
232,446,T67,SHARES_TERMINAL
232,717,T67,SHARES_TERMINAL
232,770,T67,SHARES_TERMINAL
232,906,T67,SHARES_TERMINAL
234,310,T24,SHARES_TERMINAL
234,361,T24,SHARES_TERMINAL
234,619,T24,SHARES_TERMINAL
234,649,T24,SHARES_TERMINAL
234,825,T24,SHARES_TERMINAL
234,974,T24,SHARES_TERMINAL
234,989,T24,SHARES_TERMINAL
237,336,T96,SHARES_TERMINAL
237,340,T96,SHARES_TERMINAL
237,367,T18,SHARES_TERMINAL
237,379,T96,SHARES_TERMINAL
237,402,T18,SHARES_TERMINAL
237,420,T18,SHARES_TERMINAL
237,461,T96,SHARES_TERMINAL
237,474,T96,SHARES_TERMINAL
237,474,T18,SHARES_TERMINAL
237,529,T18,SHARES_TERMINAL
237,575,T18,SHARES_TERMINAL
237,640,T18,SHARES_TERMINAL
238,260,T64,SHARES_TERMINAL
238,347,T64,SHARES_TERMINAL
238,685,T64,SHARES_TERMINAL
238,795,T64,SHARES_TERMINAL
240,255,T93,SHARES_TERMINAL
240,307,T78,SHARES_TERMINAL
240,650,T93,SHARES_TERMINAL
240,675,T93,SHARES_TERMINAL
240,690,T78,SHARES_TERMINAL
240,752,T93,SHARES_TERMINAL
240,752,T78,SHARES_TERMINAL
240,791,T93,SHARES_TERMINAL
240,791,T78,SHARES_TERMINAL
240,936,T93,SHARES_TERMINAL
243,272,T16,SHARES_TERMINAL
243,467,T16,SHARES_TERMINAL
243,481,T16,SHARES_TERMINAL
243,552,T16,SHARES_TERMINAL
243,553,T16,SHARES_TERMINAL
243,618,T16,SHARES_TERMINAL
243,639,T16,SHARES_TERMINAL
243,676,T16,SHARES_TERMINAL
243,990,T16,SHARES_TERMINAL
247,315,T77,SHARES_TERMINAL
247,394,T77,SHARES_TERMINAL
247,514,T77,SHARES_TERMINAL
247,627,T77,SHARES_TERMINAL
247,711,T77,SHARES_TERMINAL
247,746,T77,SHARES_TERMINAL
247,896,T77,SHARES_TERMINAL
247,980,T77,SHARES_TERMINAL
248,335,T80,SHARES_TERMINAL
248,462,T80,SHARES_TERMINAL
248,597,T80,SHARES_TERMINAL
248,849,T80,SHARES_TERMINAL
248,988,T80,SHARES_TERMINAL
249,357,T94,SHARES_TERMINAL
249,487,T94,SHARES_TERMINAL
249,754,T94,SHARES_TERMINAL
249,836,T94,SHARES_TERMINAL
249,855,T94,SHARES_TERMINAL
249,915,T94,SHARES_TERMINAL
250,279,T74,SHARES_TERMINAL
250,279,T66,SHARES_TERMINAL
250,632,T66,SHARES_TERMINAL
250,632,T74,SHARES_TERMINAL
250,745,T66,SHARES_TERMINAL
250,745,T74,SHARES_TERMINAL
250,863,T74,SHARES_TERMINAL
250,863,T66,SHARES_TERMINAL
250,925,T66,SHARES_TERMINAL
250,925,T74,SHARES_TERMINAL
255,650,T93,SHARES_TERMINAL
255,675,T93,SHARES_TERMINAL
255,752,T93,SHARES_TERMINAL
255,791,T93,SHARES_TERMINAL
255,936,T93,SHARES_TERMINAL
258,329,T97,SHARES_TERMINAL
258,363,T97,SHARES_TERMINAL
258,439,T97,SHARES_TERMINAL
258,557,T97,SHARES_TERMINAL
258,589,T97,SHARES_TERMINAL
258,756,T97,SHARES_TERMINAL
258,786,T97,SHARES_TERMINAL
258,817,T97,SHARES_TERMINAL
259,288,T26,SHARES_TERMINAL
259,437,T26,SHARES_TERMINAL
259,559,T26,SHARES_TERMINAL
259,968,T26,SHARES_TERMINAL
260,347,T64,SHARES_TERMINAL
260,685,T64,SHARES_TERMINAL
260,795,T64,SHARES_TERMINAL
262,313,T43,SHARES_TERMINAL
262,359,T43,SHARES_TERMINAL
262,382,T43,SHARES_TERMINAL
262,668,T43,SHARES_TERMINAL
262,831,T43,SHARES_TERMINAL
264,315,T21,SHARES_TERMINAL
264,514,T21,SHARES_TERMINAL
264,590,T21,SHARES_TERMINAL
264,627,T21,SHARES_TERMINAL
264,823,T21,SHARES_TERMINAL
264,896,T21,SHARES_TERMINAL
264,980,T21,SHARES_TERMINAL
265,309,T31,SHARES_TERMINAL
265,522,T31,SHARES_TERMINAL
265,530,T31,SHARES_TERMINAL
265,712,T31,SHARES_TERMINAL
266,279,T27,SHARES_TERMINAL
266,454,T27,SHARES_TERMINAL
266,641,T27,SHARES_TERMINAL
266,738,T27,SHARES_TERMINAL
266,904,T27,SHARES_TERMINAL
267,423,T35,SHARES_TERMINAL
267,471,T35,SHARES_TERMINAL
267,568,T35,SHARES_TERMINAL
267,643,T35,SHARES_TERMINAL
267,698,T35,SHARES_TERMINAL
267,895,T35,SHARES_TERMINAL
271,317,T40,SHARES_TERMINAL
271,317,T52,SHARES_TERMINAL
271,376,T52,SHARES_TERMINAL
271,396,T40,SHARES_TERMINAL
271,396,T52,SHARES_TERMINAL
271,542,T52,SHARES_TERMINAL
271,546,T40,SHARES_TERMINAL
271,560,T52,SHARES_TERMINAL
271,616,T40,SHARES_TERMINAL
271,616,T52,SHARES_TERMINAL
271,729,T40,SHARES_TERMINAL
271,787,T40,SHARES_TERMINAL
271,799,T52,SHARES_TERMINAL
271,815,T40,SHARES_TERMINAL
271,847,T40,SHARES_TERMINAL
271,889,T40,SHARES_TERMINAL
271,889,T52,SHARES_TERMINAL
271,937,T52,SHARES_TERMINAL
271,971,T40,SHARES_TERMINAL
271,971,T52,SHARES_TERMINAL
271,973,T40,SHARES_TERMINAL
272,467,T16,SHARES_TERMINAL
272,481,T16,SHARES_TERMINAL
272,552,T16,SHARES_TERMINAL
272,553,T16,SHARES_TERMINAL
272,618,T16,SHARES_TERMINAL
272,639,T16,SHARES_TERMINAL
272,676,T16,SHARES_TERMINAL
272,990,T16,SHARES_TERMINAL
273,292,T58,SHARES_TERMINAL
273,295,T58,SHARES_TERMINAL
273,381,T58,SHARES_TERMINAL
273,384,T58,SHARES_TERMINAL
273,406,T58,SHARES_TERMINAL
273,456,T58,SHARES_TERMINAL
273,533,T58,SHARES_TERMINAL
273,714,T58,SHARES_TERMINAL
273,763,T58,SHARES_TERMINAL
273,808,T58,SHARES_TERMINAL
274,332,T53,SHARES_TERMINAL
274,572,T53,SHARES_TERMINAL
275,429,T42,SHARES_TERMINAL
275,440,T42,SHARES_TERMINAL
275,458,T42,SHARES_TERMINAL
275,740,T42,SHARES_TERMINAL
275,748,T42,SHARES_TERMINAL
275,778,T42,SHARES_TERMINAL
275,824,T42,SHARES_TERMINAL
275,861,T42,SHARES_TERMINAL
275,948,T42,SHARES_TERMINAL
276,284,T20,SHARES_TERMINAL
276,594,T20,SHARES_TERMINAL
276,707,T20,SHARES_TERMINAL
276,723,T20,SHARES_TERMINAL
278,328,T37,SHARES_TERMINAL
278,398,T37,SHARES_TERMINAL
278,666,T37,SHARES_TERMINAL
278,872,T37,SHARES_TERMINAL
278,903,T37,SHARES_TERMINAL
278,960,T37,SHARES_TERMINAL
279,454,T27,SHARES_TERMINAL
279,632,T66,SHARES_TERMINAL
279,632,T74,SHARES_TERMINAL
279,641,T27,SHARES_TERMINAL
279,738,T27,SHARES_TERMINAL
279,745,T66,SHARES_TERMINAL
279,745,T74,SHARES_TERMINAL
279,863,T74,SHARES_TERMINAL
279,863,T66,SHARES_TERMINAL
279,904,T27,SHARES_TERMINAL
279,925,T66,SHARES_TERMINAL
279,925,T74,SHARES_TERMINAL
280,435,T63,SHARES_TERMINAL
280,452,T63,SHARES_TERMINAL
280,646,T63,SHARES_TERMINAL
280,845,T63,SHARES_TERMINAL
283,312,T38,SHARES_TERMINAL
283,669,T38,SHARES_TERMINAL
283,857,T38,SHARES_TERMINAL
283,945,T38,SHARES_TERMINAL
284,376,T56,SHARES_TERMINAL
284,473,T56,SHARES_TERMINAL
284,477,T56,SHARES_TERMINAL
284,495,T56,SHARES_TERMINAL
284,526,T56,SHARES_TERMINAL
284,542,T56,SHARES_TERMINAL
284,560,T56,SHARES_TERMINAL
284,594,T56,SHARES_TERMINAL
284,594,T20,SHARES_TERMINAL
284,617,T56,SHARES_TERMINAL
284,707,T20,SHARES_TERMINAL
284,723,T56,SHARES_TERMINAL
284,723,T20,SHARES_TERMINAL
285,286,T89,SHARES_TERMINAL
285,286,T30,SHARES_TERMINAL
285,286,T15,SHARES_TERMINAL
285,322,T89,SHARES_TERMINAL
285,339,T89,SHARES_TERMINAL
285,339,T30,SHARES_TERMINAL
285,389,T89,SHARES_TERMINAL
285,595,T15,SHARES_TERMINAL
285,654,T30,SHARES_TERMINAL
285,654,T15,SHARES_TERMINAL
285,704,T89,SHARES_TERMINAL
285,704,T30,SHARES_TERMINAL
285,704,T15,SHARES_TERMINAL
285,725,T89,SHARES_TERMINAL
285,769,T89,SHARES_TERMINAL
285,803,T30,SHARES_TERMINAL
285,803,T15,SHARES_TERMINAL
285,843,T89,SHARES_TERMINAL
285,843,T30,SHARES_TERMINAL
285,843,T15,SHARES_TERMINAL
285,913,T89,SHARES_TERMINAL
285,935,T89,SHARES_TERMINAL
286,322,T89,SHARES_TERMINAL
286,339,T89,SHARES_TERMINAL
286,339,T30,SHARES_TERMINAL
286,389,T89,SHARES_TERMINAL
286,595,T15,SHARES_TERMINAL
286,654,T30,SHARES_TERMINAL
286,654,T15,SHARES_TERMINAL
286,704,T89,SHARES_TERMINAL
286,704,T30,SHARES_TERMINAL
286,704,T15,SHARES_TERMINAL
286,725,T89,SHARES_TERMINAL
286,769,T89,SHARES_TERMINAL
286,803,T30,SHARES_TERMINAL
286,803,T15,SHARES_TERMINAL
286,843,T89,SHARES_TERMINAL
286,843,T30,SHARES_TERMINAL
286,843,T15,SHARES_TERMINAL
286,913,T89,SHARES_TERMINAL
286,935,T89,SHARES_TERMINAL
287,540,T11,SHARES_TERMINAL
287,573,T11,SHARES_TERMINAL
287,860,T11,SHARES_TERMINAL
288,437,T26,SHARES_TERMINAL
288,559,T26,SHARES_TERMINAL
288,968,T26,SHARES_TERMINAL
291,503,T13,SHARES_TERMINAL
291,663,T13,SHARES_TERMINAL
291,797,T13,SHARES_TERMINAL
292,295,T58,SHARES_TERMINAL
292,381,T58,SHARES_TERMINAL
292,384,T58,SHARES_TERMINAL
292,406,T58,SHARES_TERMINAL
292,411,T10,SHARES_TERMINAL
292,430,T10,SHARES_TERMINAL
292,456,T58,SHARES_TERMINAL
292,489,T10,SHARES_TERMINAL
292,533,T58,SHARES_TERMINAL
292,586,T10,SHARES_TERMINAL
292,714,T58,SHARES_TERMINAL
292,736,T10,SHARES_TERMINAL
292,763,T58,SHARES_TERMINAL
292,808,T58,SHARES_TERMINAL
292,938,T10,SHARES_TERMINAL
293,488,T46,SHARES_TERMINAL
293,591,T46,SHARES_TERMINAL
293,615,T46,SHARES_TERMINAL
293,621,T46,SHARES_TERMINAL
294,554,T47,SHARES_TERMINAL
294,666,T47,SHARES_TERMINAL
294,700,T47,SHARES_TERMINAL
294,768,T47,SHARES_TERMINAL
294,872,T47,SHARES_TERMINAL
295,381,T58,SHARES_TERMINAL
295,384,T58,SHARES_TERMINAL
295,406,T58,SHARES_TERMINAL
295,456,T58,SHARES_TERMINAL
295,533,T58,SHARES_TERMINAL
295,714,T58,SHARES_TERMINAL
295,763,T58,SHARES_TERMINAL
295,808,T58,SHARES_TERMINAL
296,405,T3,SHARES_TERMINAL
296,466,T3,SHARES_TERMINAL
296,596,T3,SHARES_TERMINAL
297,701,T79,SHARES_TERMINAL
297,834,T79,SHARES_TERMINAL
297,911,T79,SHARES_TERMINAL
297,922,T79,SHARES_TERMINAL
297,985,T79,SHARES_TERMINAL
299,301,T17,SHARES_TERMINAL
299,438,T17,SHARES_TERMINAL
299,496,T17,SHARES_TERMINAL
299,544,T17,SHARES_TERMINAL
299,720,T88,SHARES_TERMINAL
299,841,T17,SHARES_TERMINAL
299,888,T88,SHARES_TERMINAL
299,946,T88,SHARES_TERMINAL
300,321,T85,SHARES_TERMINAL
300,348,T85,SHARES_TERMINAL
300,427,T85,SHARES_TERMINAL
300,523,T85,SHARES_TERMINAL
300,543,T85,SHARES_TERMINAL
300,605,T85,SHARES_TERMINAL
301,438,T17,SHARES_TERMINAL
301,496,T17,SHARES_TERMINAL
301,544,T17,SHARES_TERMINAL
301,841,T17,SHARES_TERMINAL
302,566,T36,SHARES_TERMINAL
302,637,T36,SHARES_TERMINAL
302,742,T36,SHARES_TERMINAL
302,962,T36,SHARES_TERMINAL
304,354,T55,SHARES_TERMINAL
304,374,T55,SHARES_TERMINAL
304,686,T55,SHARES_TERMINAL
304,856,T55,SHARES_TERMINAL
304,886,T55,SHARES_TERMINAL
307,690,T78,SHARES_TERMINAL
307,752,T78,SHARES_TERMINAL
307,791,T78,SHARES_TERMINAL
309,522,T31,SHARES_TERMINAL
309,530,T31,SHARES_TERMINAL
309,712,T31,SHARES_TERMINAL
310,361,T24,SHARES_TERMINAL
310,619,T24,SHARES_TERMINAL
310,649,T24,SHARES_TERMINAL
310,825,T24,SHARES_TERMINAL
310,974,T24,SHARES_TERMINAL
310,989,T24,SHARES_TERMINAL
312,669,T38,SHARES_TERMINAL
312,857,T38,SHARES_TERMINAL
312,945,T38,SHARES_TERMINAL
313,359,T43,SHARES_TERMINAL
313,382,T43,SHARES_TERMINAL
313,668,T43,SHARES_TERMINAL
313,831,T43,SHARES_TERMINAL
315,394,T77,SHARES_TERMINAL
315,514,T21,SHARES_TERMINAL
315,514,T77,SHARES_TERMINAL
315,590,T92,SHARES_TERMINAL
315,590,T21,SHARES_TERMINAL
315,627,T77,SHARES_TERMINAL
315,627,T92,SHARES_TERMINAL
315,627,T21,SHARES_TERMINAL
315,711,T77,SHARES_TERMINAL
315,746,T77,SHARES_TERMINAL
315,775,T92,SHARES_TERMINAL
315,823,T92,SHARES_TERMINAL
315,823,T21,SHARES_TERMINAL
315,896,T21,SHARES_TERMINAL
315,896,T92,SHARES_TERMINAL
315,896,T77,SHARES_TERMINAL
315,940,T92,SHARES_TERMINAL
315,980,T77,SHARES_TERMINAL
315,980,T21,SHARES_TERMINAL
317,376,T52,SHARES_TERMINAL
317,396,T40,SHARES_TERMINAL
317,396,T52,SHARES_TERMINAL
317,542,T52,SHARES_TERMINAL
317,546,T40,SHARES_TERMINAL
317,560,T52,SHARES_TERMINAL
317,616,T40,SHARES_TERMINAL
317,616,T52,SHARES_TERMINAL
317,729,T40,SHARES_TERMINAL
317,787,T40,SHARES_TERMINAL
317,799,T52,SHARES_TERMINAL
317,815,T40,SHARES_TERMINAL
317,847,T40,SHARES_TERMINAL
317,889,T40,SHARES_TERMINAL
317,889,T52,SHARES_TERMINAL
317,937,T52,SHARES_TERMINAL
317,971,T40,SHARES_TERMINAL
317,971,T52,SHARES_TERMINAL
317,973,T40,SHARES_TERMINAL
321,348,T85,SHARES_TERMINAL
321,427,T85,SHARES_TERMINAL
321,523,T85,SHARES_TERMINAL
321,543,T85,SHARES_TERMINAL
321,605,T85,SHARES_TERMINAL
322,339,T89,SHARES_TERMINAL
322,389,T89,SHARES_TERMINAL
322,704,T89,SHARES_TERMINAL
322,725,T89,SHARES_TERMINAL
322,769,T89,SHARES_TERMINAL
322,843,T89,SHARES_TERMINAL
322,913,T89,SHARES_TERMINAL
322,935,T89,SHARES_TERMINAL
323,388,T68,SHARES_TERMINAL
323,455,T68,SHARES_TERMINAL
323,506,T51,SHARES_TERMINAL
323,507,T68,SHARES_TERMINAL
323,613,T51,SHARES_TERMINAL
323,623,T68,SHARES_TERMINAL
323,667,T68,SHARES_TERMINAL
323,739,T51,SHARES_TERMINAL
323,800,T51,SHARES_TERMINAL
323,945,T51,SHARES_TERMINAL
323,954,T51,SHARES_TERMINAL
325,582,T23,SHARES_TERMINAL
325,613,T23,SHARES_TERMINAL
325,868,T23,SHARES_TERMINAL
325,945,T23,SHARES_TERMINAL
327,407,T69,SHARES_TERMINAL
327,425,T69,SHARES_TERMINAL
327,475,T69,SHARES_TERMINAL
328,398,T37,SHARES_TERMINAL
328,666,T37,SHARES_TERMINAL
328,872,T37,SHARES_TERMINAL
328,903,T37,SHARES_TERMINAL
328,960,T37,SHARES_TERMINAL
329,363,T97,SHARES_TERMINAL
329,439,T97,SHARES_TERMINAL
329,557,T97,SHARES_TERMINAL
329,589,T97,SHARES_TERMINAL
329,756,T97,SHARES_TERMINAL
329,786,T97,SHARES_TERMINAL
329,817,T97,SHARES_TERMINAL
332,572,T53,SHARES_TERMINAL
335,462,T80,SHARES_TERMINAL
335,597,T80,SHARES_TERMINAL
335,849,T80,SHARES_TERMINAL
335,988,T80,SHARES_TERMINAL
336,340,T96,SHARES_TERMINAL
336,379,T96,SHARES_TERMINAL
336,461,T96,SHARES_TERMINAL
336,474,T96,SHARES_TERMINAL
337,399,T0,SHARES_TERMINAL
337,399,T5,SHARES_TERMINAL
337,504,T0,SHARES_TERMINAL
337,562,T0,SHARES_TERMINAL
337,562,T5,SHARES_TERMINAL
337,789,T0,SHARES_TERMINAL
337,789,T5,SHARES_TERMINAL
337,842,T0,SHARES_TERMINAL
337,986,T0,SHARES_TERMINAL
339,389,T89,SHARES_TERMINAL
339,654,T30,SHARES_TERMINAL
339,704,T89,SHARES_TERMINAL
339,704,T30,SHARES_TERMINAL
339,725,T89,SHARES_TERMINAL
339,769,T89,SHARES_TERMINAL
339,803,T30,SHARES_TERMINAL
339,843,T89,SHARES_TERMINAL
339,843,T30,SHARES_TERMINAL
339,913,T89,SHARES_TERMINAL
339,935,T89,SHARES_TERMINAL
340,379,T96,SHARES_TERMINAL
340,461,T96,SHARES_TERMINAL
340,474,T96,SHARES_TERMINAL
341,476,T87,SHARES_TERMINAL
341,657,T87,SHARES_TERMINAL
341,764,T87,SHARES_TERMINAL
341,959,T87,SHARES_TERMINAL
344,457,T83,SHARES_TERMINAL
344,480,T32,SHARES_TERMINAL
344,610,T83,SHARES_TERMINAL
344,620,T32,SHARES_TERMINAL
344,654,T83,SHARES_TERMINAL
344,897,T32,SHARES_TERMINAL
344,921,T32,SHARES_TERMINAL
344,996,T32,SHARES_TERMINAL
344,996,T83,SHARES_TERMINAL
347,685,T64,SHARES_TERMINAL
347,795,T64,SHARES_TERMINAL
348,427,T85,SHARES_TERMINAL
348,523,T85,SHARES_TERMINAL
348,543,T85,SHARES_TERMINAL
348,605,T85,SHARES_TERMINAL
349,485,T65,SHARES_TERMINAL
349,485,T99,SHARES_TERMINAL
349,497,T99,SHARES_TERMINAL
349,601,T65,SHARES_TERMINAL
349,601,T99,SHARES_TERMINAL
349,656,T99,SHARES_TERMINAL
349,798,T65,SHARES_TERMINAL
349,798,T99,SHARES_TERMINAL
349,957,T99,SHARES_TERMINAL
352,396,T48,SHARES_TERMINAL
352,481,T48,SHARES_TERMINAL
352,516,T62,SHARES_TERMINAL
352,535,T62,SHARES_TERMINAL
352,537,T62,SHARES_TERMINAL
352,552,T48,SHARES_TERMINAL
352,815,T48,SHARES_TERMINAL
352,889,T48,SHARES_TERMINAL
352,912,T62,SHARES_TERMINAL
352,937,T48,SHARES_TERMINAL
352,990,T48,SHARES_TERMINAL
354,374,T55,SHARES_TERMINAL
354,686,T55,SHARES_TERMINAL
354,856,T55,SHARES_TERMINAL
354,886,T55,SHARES_TERMINAL
355,469,T72,SHARES_TERMINAL
355,469,T71,SHARES_TERMINAL
355,689,T72,SHARES_TERMINAL
355,689,T71,SHARES_TERMINAL
355,719,T72,SHARES_TERMINAL
355,741,T72,SHARES_TERMINAL
355,741,T71,SHARES_TERMINAL
355,782,T72,SHARES_TERMINAL
355,782,T71,SHARES_TERMINAL
355,820,T72,SHARES_TERMINAL
355,920,T72,SHARES_TERMINAL
355,920,T71,SHARES_TERMINAL
357,487,T94,SHARES_TERMINAL
357,754,T94,SHARES_TERMINAL
357,836,T94,SHARES_TERMINAL
357,855,T94,SHARES_TERMINAL
357,915,T94,SHARES_TERMINAL
359,382,T43,SHARES_TERMINAL
359,668,T43,SHARES_TERMINAL
359,831,T43,SHARES_TERMINAL
361,619,T24,SHARES_TERMINAL
361,619,T95,SHARES_TERMINAL
361,649,T24,SHARES_TERMINAL
361,825,T24,SHARES_TERMINAL
361,825,T95,SHARES_TERMINAL
361,974,T24,SHARES_TERMINAL
361,989,T24,SHARES_TERMINAL
362,402,T81,SHARES_TERMINAL
362,435,T81,SHARES_TERMINAL
362,529,T81,SHARES_TERMINAL
363,439,T97,SHARES_TERMINAL
363,557,T97,SHARES_TERMINAL
363,589,T97,SHARES_TERMINAL
363,638,T12,SHARES_TERMINAL
363,756,T97,SHARES_TERMINAL
363,786,T97,SHARES_TERMINAL
363,786,T12,SHARES_TERMINAL
363,817,T97,SHARES_TERMINAL
363,941,T12,SHARES_TERMINAL
367,402,T18,SHARES_TERMINAL
367,420,T18,SHARES_TERMINAL
367,474,T18,SHARES_TERMINAL
367,529,T18,SHARES_TERMINAL
367,575,T18,SHARES_TERMINAL
367,640,T18,SHARES_TERMINAL
369,578,T70,SHARES_TERMINAL
369,659,T70,SHARES_TERMINAL
369,880,T70,SHARES_TERMINAL
369,891,T70,SHARES_TERMINAL
369,975,T70,SHARES_TERMINAL
369,978,T70,SHARES_TERMINAL
371,460,T54,SHARES_TERMINAL
371,660,T54,SHARES_TERMINAL
371,670,T54,SHARES_TERMINAL
371,773,T54,SHARES_TERMINAL
374,686,T55,SHARES_TERMINAL
374,856,T55,SHARES_TERMINAL
374,886,T55,SHARES_TERMINAL
376,396,T52,SHARES_TERMINAL
376,473,T56,SHARES_TERMINAL
376,477,T56,SHARES_TERMINAL
376,495,T56,SHARES_TERMINAL
376,526,T56,SHARES_TERMINAL
376,542,T56,SHARES_TERMINAL
376,542,T52,SHARES_TERMINAL
376,560,T56,SHARES_TERMINAL
376,560,T52,SHARES_TERMINAL
376,594,T56,SHARES_TERMINAL
376,616,T52,SHARES_TERMINAL
376,617,T56,SHARES_TERMINAL
376,723,T56,SHARES_TERMINAL
376,799,T52,SHARES_TERMINAL
376,889,T52,SHARES_TERMINAL
376,937,T52,SHARES_TERMINAL
376,971,T52,SHARES_TERMINAL
377,396,T34,SHARES_TERMINAL
377,552,T34,SHARES_TERMINAL
377,799,T34,SHARES_TERMINAL
377,809,T34,SHARES_TERMINAL
377,889,T34,SHARES_TERMINAL
377,937,T34,SHARES_TERMINAL
377,990,T34,SHARES_TERMINAL
378,615,T8,SHARES_TERMINAL
378,621,T8,SHARES_TERMINAL
378,792,T8,SHARES_TERMINAL
379,461,T96,SHARES_TERMINAL
379,474,T96,SHARES_TERMINAL
381,384,T58,SHARES_TERMINAL
381,406,T58,SHARES_TERMINAL
381,456,T58,SHARES_TERMINAL
381,533,T58,SHARES_TERMINAL
381,714,T58,SHARES_TERMINAL
381,763,T58,SHARES_TERMINAL
381,808,T58,SHARES_TERMINAL
382,668,T43,SHARES_TERMINAL
382,831,T43,SHARES_TERMINAL
384,406,T58,SHARES_TERMINAL
384,456,T58,SHARES_TERMINAL
384,533,T58,SHARES_TERMINAL
384,714,T58,SHARES_TERMINAL
384,763,T58,SHARES_TERMINAL
384,808,T58,SHARES_TERMINAL
388,455,T68,SHARES_TERMINAL
388,507,T68,SHARES_TERMINAL
388,623,T68,SHARES_TERMINAL
388,667,T68,SHARES_TERMINAL
389,704,T89,SHARES_TERMINAL
389,725,T89,SHARES_TERMINAL
389,769,T89,SHARES_TERMINAL
389,843,T89,SHARES_TERMINAL
389,913,T89,SHARES_TERMINAL
389,935,T89,SHARES_TERMINAL
394,514,T73,SHARES_TERMINAL
394,514,T77,SHARES_TERMINAL
394,627,T77,SHARES_TERMINAL
394,711,T73,SHARES_TERMINAL
394,711,T77,SHARES_TERMINAL
394,746,T73,SHARES_TERMINAL
394,746,T77,SHARES_TERMINAL
394,896,T77,SHARES_TERMINAL
394,980,T77,SHARES_TERMINAL
396,481,T48,SHARES_TERMINAL
396,542,T52,SHARES_TERMINAL
396,546,T40,SHARES_TERMINAL
396,552,T48,SHARES_TERMINAL
396,552,T34,SHARES_TERMINAL
396,560,T52,SHARES_TERMINAL
396,616,T40,SHARES_TERMINAL
396,616,T52,SHARES_TERMINAL
396,729,T40,SHARES_TERMINAL
396,787,T40,SHARES_TERMINAL
396,799,T34,SHARES_TERMINAL
396,799,T52,SHARES_TERMINAL
396,809,T34,SHARES_TERMINAL
396,815,T40,SHARES_TERMINAL
396,815,T48,SHARES_TERMINAL
396,847,T40,SHARES_TERMINAL
396,889,T40,SHARES_TERMINAL
396,889,T34,SHARES_TERMINAL
396,889,T48,SHARES_TERMINAL
396,889,T52,SHARES_TERMINAL
396,937,T48,SHARES_TERMINAL
396,937,T34,SHARES_TERMINAL
396,937,T52,SHARES_TERMINAL
396,971,T40,SHARES_TERMINAL
396,971,T52,SHARES_TERMINAL
396,973,T40,SHARES_TERMINAL
396,990,T48,SHARES_TERMINAL
396,990,T34,SHARES_TERMINAL
398,666,T37,SHARES_TERMINAL
398,872,T37,SHARES_TERMINAL
398,903,T37,SHARES_TERMINAL
398,960,T37,SHARES_TERMINAL
399,504,T0,SHARES_TERMINAL
399,562,T0,SHARES_TERMINAL
399,562,T5,SHARES_TERMINAL
399,789,T0,SHARES_TERMINAL
399,789,T5,SHARES_TERMINAL
399,842,T0,SHARES_TERMINAL
399,986,T0,SHARES_TERMINAL
402,420,T18,SHARES_TERMINAL
402,435,T81,SHARES_TERMINAL
402,474,T18,SHARES_TERMINAL
402,529,T81,SHARES_TERMINAL
402,529,T18,SHARES_TERMINAL
402,575,T18,SHARES_TERMINAL
402,640,T18,SHARES_TERMINAL
405,466,T3,SHARES_TERMINAL
405,596,T3,SHARES_TERMINAL
406,456,T58,SHARES_TERMINAL
406,533,T58,SHARES_TERMINAL
406,714,T58,SHARES_TERMINAL
406,763,T58,SHARES_TERMINAL
406,808,T58,SHARES_TERMINAL
407,425,T69,SHARES_TERMINAL
407,475,T69,SHARES_TERMINAL
408,810,T60,SHARES_TERMINAL
411,430,T10,SHARES_TERMINAL
411,489,T10,SHARES_TERMINAL
411,586,T10,SHARES_TERMINAL
411,736,T10,SHARES_TERMINAL
411,938,T10,SHARES_TERMINAL
416,491,T86,SHARES_TERMINAL
416,551,T86,SHARES_TERMINAL
416,691,T86,SHARES_TERMINAL
416,760,T86,SHARES_TERMINAL
419,486,T90,SHARES_TERMINAL
419,486,T76,SHARES_TERMINAL
419,708,T90,SHARES_TERMINAL
419,781,T76,SHARES_TERMINAL
419,793,T90,SHARES_TERMINAL
419,793,T76,SHARES_TERMINAL
419,826,T90,SHARES_TERMINAL
419,873,T90,SHARES_TERMINAL
419,898,T90,SHARES_TERMINAL
419,947,T90,SHARES_TERMINAL
419,947,T76,SHARES_TERMINAL
419,963,T76,SHARES_TERMINAL
420,474,T18,SHARES_TERMINAL
420,529,T18,SHARES_TERMINAL
420,575,T18,SHARES_TERMINAL
420,640,T18,SHARES_TERMINAL
423,471,T35,SHARES_TERMINAL
423,568,T35,SHARES_TERMINAL
423,643,T35,SHARES_TERMINAL
423,698,T35,SHARES_TERMINAL
423,895,T35,SHARES_TERMINAL
425,475,T69,SHARES_TERMINAL
426,827,T50,SHARES_TERMINAL
426,837,T50,SHARES_TERMINAL
427,523,T85,SHARES_TERMINAL
427,543,T85,SHARES_TERMINAL
427,605,T85,SHARES_TERMINAL
429,440,T42,SHARES_TERMINAL
429,458,T42,SHARES_TERMINAL
429,740,T42,SHARES_TERMINAL
429,748,T42,SHARES_TERMINAL
429,778,T42,SHARES_TERMINAL
429,824,T42,SHARES_TERMINAL
429,861,T42,SHARES_TERMINAL
429,948,T42,SHARES_TERMINAL
430,489,T10,SHARES_TERMINAL
430,586,T10,SHARES_TERMINAL
430,736,T10,SHARES_TERMINAL
430,938,T10,SHARES_TERMINAL
435,452,T63,SHARES_TERMINAL
435,529,T81,SHARES_TERMINAL
435,646,T63,SHARES_TERMINAL
435,845,T63,SHARES_TERMINAL
437,559,T26,SHARES_TERMINAL
437,968,T26,SHARES_TERMINAL
438,496,T41,SHARES_TERMINAL
438,496,T17,SHARES_TERMINAL
438,522,T41,SHARES_TERMINAL
438,544,T17,SHARES_TERMINAL
438,672,T41,SHARES_TERMINAL
438,694,T41,SHARES_TERMINAL
438,706,T41,SHARES_TERMINAL
438,841,T41,SHARES_TERMINAL
438,841,T17,SHARES_TERMINAL
439,557,T97,SHARES_TERMINAL
439,589,T97,SHARES_TERMINAL
439,756,T97,SHARES_TERMINAL
439,786,T97,SHARES_TERMINAL
439,817,T97,SHARES_TERMINAL
440,458,T42,SHARES_TERMINAL
440,740,T42,SHARES_TERMINAL
440,748,T42,SHARES_TERMINAL
440,778,T42,SHARES_TERMINAL
440,824,T42,SHARES_TERMINAL
440,861,T42,SHARES_TERMINAL
440,948,T42,SHARES_TERMINAL
441,490,T45,SHARES_TERMINAL
441,899,T75,SHARES_TERMINAL
441,899,T45,SHARES_TERMINAL
441,952,T75,SHARES_TERMINAL
441,992,T75,SHARES_TERMINAL
446,717,T67,SHARES_TERMINAL
446,770,T67,SHARES_TERMINAL
446,906,T67,SHARES_TERMINAL
451,733,T1,SHARES_TERMINAL
451,852,T1,SHARES_TERMINAL
451,864,T1,SHARES_TERMINAL
451,972,T1,SHARES_TERMINAL
452,646,T63,SHARES_TERMINAL
452,845,T63,SHARES_TERMINAL
454,641,T27,SHARES_TERMINAL
454,738,T27,SHARES_TERMINAL
454,904,T27,SHARES_TERMINAL
455,507,T68,SHARES_TERMINAL
455,623,T68,SHARES_TERMINAL
455,667,T68,SHARES_TERMINAL
456,533,T58,SHARES_TERMINAL
456,714,T58,SHARES_TERMINAL
456,763,T58,SHARES_TERMINAL
456,808,T58,SHARES_TERMINAL
457,595,T22,SHARES_TERMINAL
457,610,T83,SHARES_TERMINAL
457,654,T83,SHARES_TERMINAL
457,654,T22,SHARES_TERMINAL
457,803,T22,SHARES_TERMINAL
457,996,T83,SHARES_TERMINAL
458,740,T42,SHARES_TERMINAL
458,748,T42,SHARES_TERMINAL
458,778,T42,SHARES_TERMINAL
458,824,T42,SHARES_TERMINAL
458,861,T42,SHARES_TERMINAL
458,948,T42,SHARES_TERMINAL
460,660,T54,SHARES_TERMINAL
460,670,T54,SHARES_TERMINAL
460,773,T54,SHARES_TERMINAL
461,474,T96,SHARES_TERMINAL
462,597,T80,SHARES_TERMINAL
462,849,T80,SHARES_TERMINAL
462,988,T80,SHARES_TERMINAL
466,596,T3,SHARES_TERMINAL
467,481,T16,SHARES_TERMINAL
467,552,T16,SHARES_TERMINAL
467,553,T16,SHARES_TERMINAL
467,618,T16,SHARES_TERMINAL
467,639,T16,SHARES_TERMINAL
467,676,T16,SHARES_TERMINAL
467,990,T16,SHARES_TERMINAL
469,689,T72,SHARES_TERMINAL
469,689,T71,SHARES_TERMINAL
469,719,T72,SHARES_TERMINAL
469,741,T72,SHARES_TERMINAL
469,741,T71,SHARES_TERMINAL
469,782,T72,SHARES_TERMINAL
469,782,T71,SHARES_TERMINAL
469,820,T72,SHARES_TERMINAL
469,920,T72,SHARES_TERMINAL
469,920,T71,SHARES_TERMINAL
471,568,T35,SHARES_TERMINAL
471,643,T35,SHARES_TERMINAL
471,698,T35,SHARES_TERMINAL
471,895,T35,SHARES_TERMINAL
473,477,T56,SHARES_TERMINAL
473,495,T56,SHARES_TERMINAL
473,526,T56,SHARES_TERMINAL
473,542,T56,SHARES_TERMINAL
473,560,T56,SHARES_TERMINAL
473,594,T56,SHARES_TERMINAL
473,617,T56,SHARES_TERMINAL
473,723,T56,SHARES_TERMINAL
474,529,T18,SHARES_TERMINAL
474,575,T18,SHARES_TERMINAL
474,640,T18,SHARES_TERMINAL
476,479,T29,SHARES_TERMINAL
476,657,T29,SHARES_TERMINAL
476,657,T87,SHARES_TERMINAL
476,764,T29,SHARES_TERMINAL
476,764,T87,SHARES_TERMINAL
476,959,T29,SHARES_TERMINAL
476,959,T87,SHARES_TERMINAL
477,495,T56,SHARES_TERMINAL
477,526,T56,SHARES_TERMINAL
477,542,T56,SHARES_TERMINAL
477,560,T56,SHARES_TERMINAL
477,594,T56,SHARES_TERMINAL
477,617,T56,SHARES_TERMINAL
477,723,T56,SHARES_TERMINAL
479,657,T29,SHARES_TERMINAL
479,764,T29,SHARES_TERMINAL
479,959,T29,SHARES_TERMINAL
480,620,T32,SHARES_TERMINAL
480,897,T32,SHARES_TERMINAL
480,921,T32,SHARES_TERMINAL
480,996,T32,SHARES_TERMINAL
481,552,T48,SHARES_TERMINAL
481,552,T16,SHARES_TERMINAL
481,553,T16,SHARES_TERMINAL
481,618,T16,SHARES_TERMINAL
481,639,T16,SHARES_TERMINAL
481,676,T16,SHARES_TERMINAL
481,815,T48,SHARES_TERMINAL
481,889,T48,SHARES_TERMINAL
481,937,T48,SHARES_TERMINAL
481,990,T48,SHARES_TERMINAL
481,990,T16,SHARES_TERMINAL
485,497,T99,SHARES_TERMINAL
485,601,T65,SHARES_TERMINAL
485,601,T99,SHARES_TERMINAL
485,656,T99,SHARES_TERMINAL
485,798,T65,SHARES_TERMINAL
485,798,T99,SHARES_TERMINAL
485,957,T99,SHARES_TERMINAL
486,708,T90,SHARES_TERMINAL
486,781,T76,SHARES_TERMINAL
486,793,T90,SHARES_TERMINAL
486,793,T76,SHARES_TERMINAL
486,826,T90,SHARES_TERMINAL
486,873,T90,SHARES_TERMINAL
486,898,T90,SHARES_TERMINAL
486,947,T90,SHARES_TERMINAL
486,947,T76,SHARES_TERMINAL
486,963,T76,SHARES_TERMINAL
487,754,T94,SHARES_TERMINAL
487,836,T94,SHARES_TERMINAL
487,855,T94,SHARES_TERMINAL
487,915,T94,SHARES_TERMINAL
488,591,T46,SHARES_TERMINAL
488,615,T46,SHARES_TERMINAL
488,621,T46,SHARES_TERMINAL
489,586,T10,SHARES_TERMINAL
489,736,T10,SHARES_TERMINAL
489,938,T10,SHARES_TERMINAL
490,899,T45,SHARES_TERMINAL
491,551,T86,SHARES_TERMINAL
491,691,T86,SHARES_TERMINAL
491,760,T86,SHARES_TERMINAL
495,526,T56,SHARES_TERMINAL
495,542,T56,SHARES_TERMINAL
495,560,T56,SHARES_TERMINAL
495,594,T56,SHARES_TERMINAL
495,617,T56,SHARES_TERMINAL
495,723,T56,SHARES_TERMINAL
496,522,T41,SHARES_TERMINAL
496,544,T17,SHARES_TERMINAL
496,672,T41,SHARES_TERMINAL
496,694,T41,SHARES_TERMINAL
496,706,T41,SHARES_TERMINAL
496,841,T41,SHARES_TERMINAL
496,841,T17,SHARES_TERMINAL
497,601,T99,SHARES_TERMINAL
497,656,T99,SHARES_TERMINAL
497,798,T99,SHARES_TERMINAL
497,957,T99,SHARES_TERMINAL
498,655,T49,SHARES_TERMINAL
498,779,T49,SHARES_TERMINAL
498,905,T25,SHARES_TERMINAL
498,905,T7,SHARES_TERMINAL
498,955,T25,SHARES_TERMINAL
498,955,T7,SHARES_TERMINAL
503,663,T13,SHARES_TERMINAL
503,797,T13,SHARES_TERMINAL
504,562,T0,SHARES_TERMINAL
504,789,T0,SHARES_TERMINAL
504,842,T0,SHARES_TERMINAL
504,986,T0,SHARES_TERMINAL
506,613,T51,SHARES_TERMINAL
506,739,T51,SHARES_TERMINAL
506,800,T51,SHARES_TERMINAL
506,945,T51,SHARES_TERMINAL
506,954,T51,SHARES_TERMINAL
507,623,T68,SHARES_TERMINAL
507,667,T68,SHARES_TERMINAL
512,584,T91,SHARES_TERMINAL
512,603,T91,SHARES_TERMINAL
512,683,T91,SHARES_TERMINAL
512,728,T91,SHARES_TERMINAL
512,853,T91,SHARES_TERMINAL
512,961,T91,SHARES_TERMINAL
512,977,T91,SHARES_TERMINAL
514,590,T21,SHARES_TERMINAL
514,627,T77,SHARES_TERMINAL
514,627,T21,SHARES_TERMINAL
514,711,T73,SHARES_TERMINAL
514,711,T77,SHARES_TERMINAL
514,746,T73,SHARES_TERMINAL
514,746,T77,SHARES_TERMINAL
514,823,T21,SHARES_TERMINAL
514,896,T21,SHARES_TERMINAL
514,896,T77,SHARES_TERMINAL
514,980,T77,SHARES_TERMINAL
514,980,T21,SHARES_TERMINAL
516,535,T62,SHARES_TERMINAL
516,537,T62,SHARES_TERMINAL
516,912,T62,SHARES_TERMINAL
521,624,T39,SHARES_TERMINAL
522,530,T31,SHARES_TERMINAL
522,672,T41,SHARES_TERMINAL
522,694,T41,SHARES_TERMINAL
522,706,T41,SHARES_TERMINAL
522,712,T31,SHARES_TERMINAL
522,841,T41,SHARES_TERMINAL
523,543,T85,SHARES_TERMINAL
523,605,T85,SHARES_TERMINAL
526,542,T56,SHARES_TERMINAL
526,560,T56,SHARES_TERMINAL
526,594,T56,SHARES_TERMINAL
526,617,T56,SHARES_TERMINAL
526,723,T56,SHARES_TERMINAL
529,575,T18,SHARES_TERMINAL
529,640,T18,SHARES_TERMINAL
530,712,T31,SHARES_TERMINAL
533,714,T58,SHARES_TERMINAL
533,763,T58,SHARES_TERMINAL
533,808,T58,SHARES_TERMINAL
535,537,T62,SHARES_TERMINAL
535,912,T62,SHARES_TERMINAL
536,579,T33,SHARES_TERMINAL
536,629,T33,SHARES_TERMINAL
536,635,T33,SHARES_TERMINAL
536,696,T33,SHARES_TERMINAL
536,776,T33,SHARES_TERMINAL
536,832,T33,SHARES_TERMINAL
536,844,T33,SHARES_TERMINAL
536,875,T33,SHARES_TERMINAL
536,916,T33,SHARES_TERMINAL
536,970,T33,SHARES_TERMINAL
536,983,T33,SHARES_TERMINAL
537,912,T62,SHARES_TERMINAL
540,573,T11,SHARES_TERMINAL
540,860,T11,SHARES_TERMINAL
542,560,T56,SHARES_TERMINAL
542,560,T52,SHARES_TERMINAL
542,594,T56,SHARES_TERMINAL
542,616,T52,SHARES_TERMINAL
542,617,T56,SHARES_TERMINAL
542,723,T56,SHARES_TERMINAL
542,799,T52,SHARES_TERMINAL
542,889,T52,SHARES_TERMINAL
542,937,T52,SHARES_TERMINAL
542,971,T52,SHARES_TERMINAL
543,605,T85,SHARES_TERMINAL
544,841,T17,SHARES_TERMINAL
546,616,T40,SHARES_TERMINAL
546,729,T40,SHARES_TERMINAL
546,787,T40,SHARES_TERMINAL
546,815,T40,SHARES_TERMINAL
546,847,T40,SHARES_TERMINAL
546,889,T40,SHARES_TERMINAL
546,971,T40,SHARES_TERMINAL
546,973,T40,SHARES_TERMINAL
550,699,T57,SHARES_TERMINAL
550,721,T57,SHARES_TERMINAL
550,785,T57,SHARES_TERMINAL
550,991,T57,SHARES_TERMINAL
551,691,T86,SHARES_TERMINAL
551,760,T86,SHARES_TERMINAL
552,553,T16,SHARES_TERMINAL
552,618,T16,SHARES_TERMINAL
552,639,T16,SHARES_TERMINAL
552,676,T16,SHARES_TERMINAL
552,799,T34,SHARES_TERMINAL
552,809,T34,SHARES_TERMINAL
552,815,T48,SHARES_TERMINAL
552,889,T48,SHARES_TERMINAL
552,889,T34,SHARES_TERMINAL
552,937,T48,SHARES_TERMINAL
552,937,T34,SHARES_TERMINAL
552,990,T48,SHARES_TERMINAL
552,990,T16,SHARES_TERMINAL
552,990,T34,SHARES_TERMINAL
553,618,T16,SHARES_TERMINAL
553,639,T16,SHARES_TERMINAL
553,676,T16,SHARES_TERMINAL
553,990,T16,SHARES_TERMINAL
554,666,T47,SHARES_TERMINAL
554,700,T47,SHARES_TERMINAL
554,768,T47,SHARES_TERMINAL
554,872,T47,SHARES_TERMINAL
557,589,T97,SHARES_TERMINAL
557,756,T97,SHARES_TERMINAL
557,786,T97,SHARES_TERMINAL
557,817,T97,SHARES_TERMINAL
559,968,T26,SHARES_TERMINAL
560,594,T56,SHARES_TERMINAL
560,616,T52,SHARES_TERMINAL
560,617,T56,SHARES_TERMINAL
560,723,T56,SHARES_TERMINAL
560,799,T52,SHARES_TERMINAL
560,889,T52,SHARES_TERMINAL
560,937,T52,SHARES_TERMINAL
560,971,T52,SHARES_TERMINAL
562,789,T0,SHARES_TERMINAL
562,789,T5,SHARES_TERMINAL
562,842,T0,SHARES_TERMINAL
562,986,T0,SHARES_TERMINAL
564,628,T14,SHARES_TERMINAL
564,628,T6,SHARES_TERMINAL
564,740,T6,SHARES_TERMINAL
564,742,T14,SHARES_TERMINAL
564,778,T6,SHARES_TERMINAL
564,883,T6,SHARES_TERMINAL
564,883,T14,SHARES_TERMINAL
564,940,T6,SHARES_TERMINAL
566,637,T36,SHARES_TERMINAL
566,742,T36,SHARES_TERMINAL
566,962,T36,SHARES_TERMINAL
568,643,T35,SHARES_TERMINAL
568,698,T35,SHARES_TERMINAL
568,895,T35,SHARES_TERMINAL
573,860,T11,SHARES_TERMINAL
575,640,T18,SHARES_TERMINAL
578,659,T70,SHARES_TERMINAL
578,880,T70,SHARES_TERMINAL
578,891,T70,SHARES_TERMINAL
578,975,T70,SHARES_TERMINAL
578,978,T70,SHARES_TERMINAL
579,629,T33,SHARES_TERMINAL
579,635,T33,SHARES_TERMINAL
579,696,T33,SHARES_TERMINAL
579,776,T33,SHARES_TERMINAL
579,832,T33,SHARES_TERMINAL
579,844,T33,SHARES_TERMINAL
579,875,T33,SHARES_TERMINAL
579,916,T33,SHARES_TERMINAL
579,970,T33,SHARES_TERMINAL
579,983,T33,SHARES_TERMINAL
580,584,T59,SHARES_TERMINAL
580,722,T59,SHARES_TERMINAL
580,811,T59,SHARES_TERMINAL
580,908,T59,SHARES_TERMINAL
582,613,T23,SHARES_TERMINAL
582,868,T23,SHARES_TERMINAL
582,945,T23,SHARES_TERMINAL
584,603,T91,SHARES_TERMINAL
584,683,T91,SHARES_TERMINAL
584,722,T59,SHARES_TERMINAL
584,728,T91,SHARES_TERMINAL
584,811,T59,SHARES_TERMINAL
584,853,T91,SHARES_TERMINAL
584,908,T59,SHARES_TERMINAL
584,961,T91,SHARES_TERMINAL
584,977,T91,SHARES_TERMINAL
586,736,T10,SHARES_TERMINAL
586,938,T10,SHARES_TERMINAL
589,756,T97,SHARES_TERMINAL
589,786,T97,SHARES_TERMINAL
589,817,T97,SHARES_TERMINAL
590,627,T92,SHARES_TERMINAL
590,627,T21,SHARES_TERMINAL
590,775,T92,SHARES_TERMINAL
590,823,T92,SHARES_TERMINAL
590,823,T21,SHARES_TERMINAL
590,896,T92,SHARES_TERMINAL
590,896,T21,SHARES_TERMINAL
590,940,T92,SHARES_TERMINAL
590,980,T21,SHARES_TERMINAL
591,615,T46,SHARES_TERMINAL
591,621,T46,SHARES_TERMINAL
594,617,T56,SHARES_TERMINAL
594,707,T20,SHARES_TERMINAL
594,723,T56,SHARES_TERMINAL
594,723,T20,SHARES_TERMINAL
595,654,T22,SHARES_TERMINAL
595,654,T15,SHARES_TERMINAL
595,704,T15,SHARES_TERMINAL
595,803,T22,SHARES_TERMINAL
595,803,T15,SHARES_TERMINAL
595,843,T15,SHARES_TERMINAL
597,849,T80,SHARES_TERMINAL
597,988,T80,SHARES_TERMINAL
601,656,T99,SHARES_TERMINAL
601,798,T65,SHARES_TERMINAL
601,798,T99,SHARES_TERMINAL
601,957,T99,SHARES_TERMINAL
603,683,T91,SHARES_TERMINAL
603,728,T91,SHARES_TERMINAL
603,853,T91,SHARES_TERMINAL
603,961,T91,SHARES_TERMINAL
603,977,T91,SHARES_TERMINAL
610,654,T83,SHARES_TERMINAL
610,996,T83,SHARES_TERMINAL
613,739,T51,SHARES_TERMINAL
613,800,T51,SHARES_TERMINAL
613,868,T23,SHARES_TERMINAL
613,945,T51,SHARES_TERMINAL
613,945,T23,SHARES_TERMINAL
613,954,T51,SHARES_TERMINAL
615,621,T8,SHARES_TERMINAL
615,621,T46,SHARES_TERMINAL
615,792,T8,SHARES_TERMINAL
616,729,T40,SHARES_TERMINAL
616,787,T40,SHARES_TERMINAL
616,799,T52,SHARES_TERMINAL
616,815,T40,SHARES_TERMINAL
616,847,T40,SHARES_TERMINAL
616,889,T40,SHARES_TERMINAL
616,889,T52,SHARES_TERMINAL
616,937,T52,SHARES_TERMINAL
616,971,T40,SHARES_TERMINAL
616,971,T52,SHARES_TERMINAL
616,973,T40,SHARES_TERMINAL
617,723,T56,SHARES_TERMINAL
618,639,T16,SHARES_TERMINAL
618,676,T16,SHARES_TERMINAL
618,990,T16,SHARES_TERMINAL
619,649,T24,SHARES_TERMINAL
619,825,T24,SHARES_TERMINAL
619,825,T95,SHARES_TERMINAL
619,974,T24,SHARES_TERMINAL
619,989,T24,SHARES_TERMINAL
620,897,T32,SHARES_TERMINAL
620,921,T32,SHARES_TERMINAL
620,996,T32,SHARES_TERMINAL
621,792,T8,SHARES_TERMINAL
621,792,T4,SHARES_TERMINAL
621,833,T4,SHARES_TERMINAL
623,667,T68,SHARES_TERMINAL
627,711,T77,SHARES_TERMINAL
627,746,T77,SHARES_TERMINAL
627,775,T92,SHARES_TERMINAL
627,823,T92,SHARES_TERMINAL
627,823,T21,SHARES_TERMINAL
627,896,T21,SHARES_TERMINAL
627,896,T92,SHARES_TERMINAL
627,896,T77,SHARES_TERMINAL
627,940,T92,SHARES_TERMINAL
627,980,T77,SHARES_TERMINAL
627,980,T21,SHARES_TERMINAL
628,740,T6,SHARES_TERMINAL
628,742,T14,SHARES_TERMINAL
628,778,T6,SHARES_TERMINAL
628,883,T6,SHARES_TERMINAL
628,883,T14,SHARES_TERMINAL
628,940,T6,SHARES_TERMINAL
629,635,T33,SHARES_TERMINAL
629,696,T33,SHARES_TERMINAL
629,776,T33,SHARES_TERMINAL
629,832,T33,SHARES_TERMINAL
629,844,T33,SHARES_TERMINAL
629,875,T33,SHARES_TERMINAL
629,916,T33,SHARES_TERMINAL
629,970,T33,SHARES_TERMINAL
629,983,T33,SHARES_TERMINAL
632,745,T66,SHARES_TERMINAL
632,745,T74,SHARES_TERMINAL
632,863,T74,SHARES_TERMINAL
632,863,T66,SHARES_TERMINAL
632,925,T66,SHARES_TERMINAL
632,925,T74,SHARES_TERMINAL
633,894,T44,SHARES_TERMINAL
633,926,T44,SHARES_TERMINAL
633,927,T44,SHARES_TERMINAL
635,696,T33,SHARES_TERMINAL
635,776,T33,SHARES_TERMINAL
635,832,T33,SHARES_TERMINAL
635,844,T33,SHARES_TERMINAL
635,875,T33,SHARES_TERMINAL
635,916,T33,SHARES_TERMINAL
635,970,T33,SHARES_TERMINAL
635,983,T33,SHARES_TERMINAL
637,742,T36,SHARES_TERMINAL
637,962,T36,SHARES_TERMINAL
638,786,T12,SHARES_TERMINAL
638,941,T12,SHARES_TERMINAL
639,676,T16,SHARES_TERMINAL
639,990,T16,SHARES_TERMINAL
641,738,T27,SHARES_TERMINAL
641,904,T27,SHARES_TERMINAL
643,698,T35,SHARES_TERMINAL
643,895,T35,SHARES_TERMINAL
646,845,T63,SHARES_TERMINAL
649,825,T24,SHARES_TERMINAL
649,974,T24,SHARES_TERMINAL
649,989,T24,SHARES_TERMINAL
650,675,T93,SHARES_TERMINAL
650,752,T93,SHARES_TERMINAL
650,791,T93,SHARES_TERMINAL
650,936,T93,SHARES_TERMINAL
654,704,T30,SHARES_TERMINAL
654,704,T15,SHARES_TERMINAL
654,803,T15,SHARES_TERMINAL
654,803,T30,SHARES_TERMINAL
654,803,T22,SHARES_TERMINAL
654,843,T30,SHARES_TERMINAL
654,843,T15,SHARES_TERMINAL
654,996,T83,SHARES_TERMINAL
655,779,T49,SHARES_TERMINAL
656,798,T99,SHARES_TERMINAL
656,957,T99,SHARES_TERMINAL
657,764,T29,SHARES_TERMINAL
657,764,T87,SHARES_TERMINAL
657,959,T29,SHARES_TERMINAL
657,959,T87,SHARES_TERMINAL
659,793,T28,SHARES_TERMINAL
659,880,T28,SHARES_TERMINAL
659,880,T70,SHARES_TERMINAL
659,891,T28,SHARES_TERMINAL
659,891,T70,SHARES_TERMINAL
659,975,T28,SHARES_TERMINAL
659,975,T70,SHARES_TERMINAL
659,978,T28,SHARES_TERMINAL
659,978,T70,SHARES_TERMINAL
660,670,T54,SHARES_TERMINAL
660,773,T54,SHARES_TERMINAL
663,797,T13,SHARES_TERMINAL
666,700,T47,SHARES_TERMINAL
666,768,T47,SHARES_TERMINAL
666,872,T37,SHARES_TERMINAL
666,872,T47,SHARES_TERMINAL
666,903,T37,SHARES_TERMINAL
666,960,T37,SHARES_TERMINAL
668,831,T43,SHARES_TERMINAL
669,857,T38,SHARES_TERMINAL
669,945,T38,SHARES_TERMINAL
670,773,T54,SHARES_TERMINAL
672,694,T41,SHARES_TERMINAL
672,706,T41,SHARES_TERMINAL
672,841,T41,SHARES_TERMINAL
675,752,T93,SHARES_TERMINAL
675,791,T93,SHARES_TERMINAL
675,936,T93,SHARES_TERMINAL
676,990,T16,SHARES_TERMINAL
677,679,T84,SHARES_TERMINAL
677,844,T84,SHARES_TERMINAL
677,885,T84,SHARES_TERMINAL
678,856,T2,SHARES_TERMINAL
678,886,T2,SHARES_TERMINAL
678,982,T2,SHARES_TERMINAL
679,844,T84,SHARES_TERMINAL
679,885,T84,SHARES_TERMINAL
683,728,T91,SHARES_TERMINAL
683,853,T91,SHARES_TERMINAL
683,961,T91,SHARES_TERMINAL
683,977,T91,SHARES_TERMINAL
685,795,T64,SHARES_TERMINAL
686,856,T55,SHARES_TERMINAL
686,886,T55,SHARES_TERMINAL
689,719,T72,SHARES_TERMINAL
689,741,T72,SHARES_TERMINAL
689,741,T71,SHARES_TERMINAL
689,782,T72,SHARES_TERMINAL
689,782,T71,SHARES_TERMINAL
689,820,T72,SHARES_TERMINAL
689,920,T72,SHARES_TERMINAL
689,920,T71,SHARES_TERMINAL
690,752,T78,SHARES_TERMINAL
690,791,T78,SHARES_TERMINAL
691,760,T86,SHARES_TERMINAL
694,706,T41,SHARES_TERMINAL
694,841,T41,SHARES_TERMINAL
696,776,T33,SHARES_TERMINAL
696,832,T33,SHARES_TERMINAL
696,844,T33,SHARES_TERMINAL
696,875,T33,SHARES_TERMINAL
696,916,T33,SHARES_TERMINAL
696,970,T33,SHARES_TERMINAL
696,983,T33,SHARES_TERMINAL
698,895,T35,SHARES_TERMINAL
699,721,T57,SHARES_TERMINAL
699,785,T57,SHARES_TERMINAL
699,934,T19,SHARES_TERMINAL
699,991,T57,SHARES_TERMINAL
700,768,T47,SHARES_TERMINAL
700,872,T47,SHARES_TERMINAL
701,834,T79,SHARES_TERMINAL
701,911,T79,SHARES_TERMINAL
701,922,T79,SHARES_TERMINAL
701,985,T79,SHARES_TERMINAL
704,725,T89,SHARES_TERMINAL
704,769,T89,SHARES_TERMINAL
704,803,T30,SHARES_TERMINAL
704,803,T15,SHARES_TERMINAL
704,843,T89,SHARES_TERMINAL
704,843,T30,SHARES_TERMINAL
704,843,T15,SHARES_TERMINAL
704,913,T89,SHARES_TERMINAL
704,935,T89,SHARES_TERMINAL
706,841,T41,SHARES_TERMINAL
707,723,T20,SHARES_TERMINAL
708,793,T90,SHARES_TERMINAL
708,826,T90,SHARES_TERMINAL
708,873,T90,SHARES_TERMINAL
708,898,T90,SHARES_TERMINAL
708,947,T90,SHARES_TERMINAL
711,746,T73,SHARES_TERMINAL
711,746,T77,SHARES_TERMINAL
711,896,T77,SHARES_TERMINAL
711,980,T77,SHARES_TERMINAL
714,763,T58,SHARES_TERMINAL
714,808,T58,SHARES_TERMINAL
717,770,T67,SHARES_TERMINAL
717,906,T67,SHARES_TERMINAL
719,741,T72,SHARES_TERMINAL
719,782,T72,SHARES_TERMINAL
719,820,T72,SHARES_TERMINAL
719,920,T72,SHARES_TERMINAL
720,888,T88,SHARES_TERMINAL
720,946,T88,SHARES_TERMINAL
721,785,T57,SHARES_TERMINAL
721,991,T57,SHARES_TERMINAL
722,811,T59,SHARES_TERMINAL
722,908,T59,SHARES_TERMINAL
725,769,T89,SHARES_TERMINAL
725,843,T89,SHARES_TERMINAL
725,913,T89,SHARES_TERMINAL
725,935,T89,SHARES_TERMINAL
728,853,T91,SHARES_TERMINAL
728,961,T91,SHARES_TERMINAL
728,977,T91,SHARES_TERMINAL
729,787,T40,SHARES_TERMINAL
729,815,T40,SHARES_TERMINAL
729,847,T40,SHARES_TERMINAL
729,889,T40,SHARES_TERMINAL
729,971,T40,SHARES_TERMINAL
729,973,T40,SHARES_TERMINAL
733,852,T1,SHARES_TERMINAL
733,864,T1,SHARES_TERMINAL
733,972,T1,SHARES_TERMINAL
736,938,T10,SHARES_TERMINAL
738,904,T27,SHARES_TERMINAL
739,800,T51,SHARES_TERMINAL
739,945,T51,SHARES_TERMINAL
739,954,T51,SHARES_TERMINAL
740,748,T42,SHARES_TERMINAL
740,778,T42,SHARES_TERMINAL
740,778,T6,SHARES_TERMINAL
740,824,T42,SHARES_TERMINAL
740,861,T42,SHARES_TERMINAL
740,883,T6,SHARES_TERMINAL
740,940,T6,SHARES_TERMINAL
740,948,T42,SHARES_TERMINAL
741,782,T72,SHARES_TERMINAL
741,782,T71,SHARES_TERMINAL
741,820,T72,SHARES_TERMINAL
741,920,T72,SHARES_TERMINAL
741,920,T71,SHARES_TERMINAL
742,883,T14,SHARES_TERMINAL
742,962,T36,SHARES_TERMINAL
745,863,T74,SHARES_TERMINAL
745,863,T66,SHARES_TERMINAL
745,925,T66,SHARES_TERMINAL
745,925,T74,SHARES_TERMINAL
746,896,T77,SHARES_TERMINAL
746,980,T77,SHARES_TERMINAL
748,778,T42,SHARES_TERMINAL
748,824,T42,SHARES_TERMINAL
748,861,T42,SHARES_TERMINAL
748,948,T42,SHARES_TERMINAL
752,791,T93,SHARES_TERMINAL
752,791,T78,SHARES_TERMINAL
752,936,T93,SHARES_TERMINAL
754,836,T94,SHARES_TERMINAL
754,855,T94,SHARES_TERMINAL
754,915,T94,SHARES_TERMINAL
756,786,T97,SHARES_TERMINAL
756,817,T97,SHARES_TERMINAL
763,808,T58,SHARES_TERMINAL
764,959,T29,SHARES_TERMINAL
764,959,T87,SHARES_TERMINAL
768,872,T47,SHARES_TERMINAL
769,843,T89,SHARES_TERMINAL
769,913,T89,SHARES_TERMINAL
769,935,T89,SHARES_TERMINAL
770,906,T67,SHARES_TERMINAL
775,823,T92,SHARES_TERMINAL
775,896,T92,SHARES_TERMINAL
775,940,T92,SHARES_TERMINAL
776,832,T33,SHARES_TERMINAL
776,844,T33,SHARES_TERMINAL
776,875,T33,SHARES_TERMINAL
776,916,T33,SHARES_TERMINAL
776,970,T33,SHARES_TERMINAL
776,983,T33,SHARES_TERMINAL
778,824,T42,SHARES_TERMINAL
778,861,T42,SHARES_TERMINAL
778,883,T6,SHARES_TERMINAL
778,940,T6,SHARES_TERMINAL
778,948,T42,SHARES_TERMINAL
781,793,T76,SHARES_TERMINAL
781,947,T76,SHARES_TERMINAL
781,963,T76,SHARES_TERMINAL
782,820,T72,SHARES_TERMINAL
782,920,T72,SHARES_TERMINAL
782,920,T71,SHARES_TERMINAL
785,991,T57,SHARES_TERMINAL
786,817,T97,SHARES_TERMINAL
786,941,T12,SHARES_TERMINAL
787,815,T40,SHARES_TERMINAL
787,847,T40,SHARES_TERMINAL
787,889,T40,SHARES_TERMINAL
787,971,T40,SHARES_TERMINAL
787,973,T40,SHARES_TERMINAL
789,842,T0,SHARES_TERMINAL
789,986,T0,SHARES_TERMINAL
791,936,T93,SHARES_TERMINAL
792,833,T4,SHARES_TERMINAL
793,826,T90,SHARES_TERMINAL
793,873,T90,SHARES_TERMINAL
793,880,T28,SHARES_TERMINAL
793,891,T28,SHARES_TERMINAL
793,898,T90,SHARES_TERMINAL
793,947,T90,SHARES_TERMINAL
793,947,T76,SHARES_TERMINAL
793,963,T76,SHARES_TERMINAL
793,975,T28,SHARES_TERMINAL
793,978,T28,SHARES_TERMINAL
798,957,T99,SHARES_TERMINAL
799,809,T34,SHARES_TERMINAL
799,889,T34,SHARES_TERMINAL
799,889,T52,SHARES_TERMINAL
799,937,T34,SHARES_TERMINAL
799,937,T52,SHARES_TERMINAL
799,971,T52,SHARES_TERMINAL
799,990,T34,SHARES_TERMINAL
800,945,T51,SHARES_TERMINAL
800,954,T51,SHARES_TERMINAL
803,843,T30,SHARES_TERMINAL
803,843,T15,SHARES_TERMINAL
809,889,T34,SHARES_TERMINAL
809,937,T34,SHARES_TERMINAL
809,990,T34,SHARES_TERMINAL
811,908,T59,SHARES_TERMINAL
815,847,T40,SHARES_TERMINAL
815,889,T40,SHARES_TERMINAL
815,889,T48,SHARES_TERMINAL
815,937,T48,SHARES_TERMINAL
815,971,T40,SHARES_TERMINAL
815,973,T40,SHARES_TERMINAL
815,990,T48,SHARES_TERMINAL
820,920,T72,SHARES_TERMINAL
823,896,T92,SHARES_TERMINAL
823,896,T21,SHARES_TERMINAL
823,940,T92,SHARES_TERMINAL
823,980,T21,SHARES_TERMINAL
824,861,T42,SHARES_TERMINAL
824,948,T42,SHARES_TERMINAL
825,974,T24,SHARES_TERMINAL
825,989,T24,SHARES_TERMINAL
826,873,T90,SHARES_TERMINAL
826,898,T90,SHARES_TERMINAL
826,947,T90,SHARES_TERMINAL
827,837,T50,SHARES_TERMINAL
832,844,T33,SHARES_TERMINAL
832,875,T33,SHARES_TERMINAL
832,916,T33,SHARES_TERMINAL
832,970,T33,SHARES_TERMINAL
832,983,T33,SHARES_TERMINAL
834,911,T79,SHARES_TERMINAL
834,922,T79,SHARES_TERMINAL
834,985,T79,SHARES_TERMINAL
836,855,T94,SHARES_TERMINAL
836,915,T94,SHARES_TERMINAL
842,986,T0,SHARES_TERMINAL
843,913,T89,SHARES_TERMINAL
843,935,T89,SHARES_TERMINAL
844,875,T33,SHARES_TERMINAL
844,885,T84,SHARES_TERMINAL
844,916,T33,SHARES_TERMINAL
844,970,T33,SHARES_TERMINAL
844,983,T33,SHARES_TERMINAL
847,889,T40,SHARES_TERMINAL
847,971,T40,SHARES_TERMINAL
847,973,T40,SHARES_TERMINAL
849,988,T80,SHARES_TERMINAL
852,864,T1,SHARES_TERMINAL
852,972,T1,SHARES_TERMINAL
853,961,T91,SHARES_TERMINAL
853,977,T91,SHARES_TERMINAL
855,915,T94,SHARES_TERMINAL
856,886,T2,SHARES_TERMINAL
856,886,T55,SHARES_TERMINAL
856,982,T2,SHARES_TERMINAL
857,945,T38,SHARES_TERMINAL
861,948,T42,SHARES_TERMINAL
863,925,T66,SHARES_TERMINAL
863,925,T74,SHARES_TERMINAL
864,972,T1,SHARES_TERMINAL
868,945,T23,SHARES_TERMINAL
872,903,T37,SHARES_TERMINAL
872,960,T37,SHARES_TERMINAL
873,898,T90,SHARES_TERMINAL
873,947,T90,SHARES_TERMINAL
875,916,T33,SHARES_TERMINAL
875,970,T33,SHARES_TERMINAL
875,983,T33,SHARES_TERMINAL
880,891,T28,SHARES_TERMINAL
880,891,T70,SHARES_TERMINAL
880,975,T28,SHARES_TERMINAL
880,975,T70,SHARES_TERMINAL
880,978,T28,SHARES_TERMINAL
880,978,T70,SHARES_TERMINAL
883,940,T6,SHARES_TERMINAL
886,982,T2,SHARES_TERMINAL
888,946,T88,SHARES_TERMINAL
889,937,T48,SHARES_TERMINAL
889,937,T34,SHARES_TERMINAL
889,937,T52,SHARES_TERMINAL
889,971,T40,SHARES_TERMINAL
889,971,T52,SHARES_TERMINAL
889,973,T40,SHARES_TERMINAL
889,990,T48,SHARES_TERMINAL
889,990,T34,SHARES_TERMINAL
891,975,T28,SHARES_TERMINAL
891,975,T70,SHARES_TERMINAL
891,978,T28,SHARES_TERMINAL
891,978,T70,SHARES_TERMINAL
894,926,T44,SHARES_TERMINAL
894,927,T44,SHARES_TERMINAL
896,940,T92,SHARES_TERMINAL
896,980,T77,SHARES_TERMINAL
896,980,T21,SHARES_TERMINAL
897,921,T32,SHARES_TERMINAL
897,996,T32,SHARES_TERMINAL
898,947,T90,SHARES_TERMINAL
899,952,T75,SHARES_TERMINAL
899,992,T75,SHARES_TERMINAL
903,960,T37,SHARES_TERMINAL
905,955,T25,SHARES_TERMINAL
905,955,T7,SHARES_TERMINAL
911,922,T79,SHARES_TERMINAL
911,985,T79,SHARES_TERMINAL
913,935,T89,SHARES_TERMINAL
916,970,T33,SHARES_TERMINAL
916,983,T33,SHARES_TERMINAL
921,996,T32,SHARES_TERMINAL
922,985,T79,SHARES_TERMINAL
926,927,T44,SHARES_TERMINAL
937,971,T52,SHARES_TERMINAL
937,990,T48,SHARES_TERMINAL
937,990,T34,SHARES_TERMINAL
945,954,T51,SHARES_TERMINAL
947,963,T76,SHARES_TERMINAL
952,992,T75,SHARES_TERMINAL
961,977,T91,SHARES_TERMINAL
970,983,T33,SHARES_TERMINAL
971,973,T40,SHARES_TERMINAL
974,989,T24,SHARES_TERMINAL
975,978,T28,SHARES_TERMINAL
975,978,T70,SHARES_TERMINAL
